-- MariaDB dump 10.19-11.1.2-MariaDB, for Win64 (AMD64)
--
-- Host: localhost    Database: isp_comparison_tool
-- ------------------------------------------------------
-- Server version	11.1.2-MariaDB

/*!40101 SET @OLD_CHARACTER_SET_CLIENT=@@CHARACTER_SET_CLIENT */;
/*!40101 SET @OLD_CHARACTER_SET_RESULTS=@@CHARACTER_SET_RESULTS */;
/*!40101 SET @OLD_COLLATION_CONNECTION=@@COLLATION_CONNECTION */;
/*!40101 SET NAMES utf8mb4 */;
/*!40103 SET @OLD_TIME_ZONE=@@TIME_ZONE */;
/*!40103 SET TIME_ZONE='+00:00' */;
/*!40014 SET @OLD_UNIQUE_CHECKS=@@UNIQUE_CHECKS, UNIQUE_CHECKS=0 */;
/*!40014 SET @OLD_FOREIGN_KEY_CHECKS=@@FOREIGN_KEY_CHECKS, FOREIGN_KEY_CHECKS=0 */;
/*!40101 SET @OLD_SQL_MODE=@@SQL_MODE, SQL_MODE='NO_AUTO_VALUE_ON_ZERO' */;
/*!40111 SET @OLD_SQL_NOTES=@@SQL_NOTES, SQL_NOTES=0 */;

--
-- Table structure for table `company`
--

DROP TABLE IF EXISTS `company`;
/*!40101 SET @saved_cs_client     = @@character_set_client */;
/*!40101 SET character_set_client = utf8 */;
CREATE TABLE `company` (
  `id` int(11) NOT NULL AUTO_INCREMENT,
  `name` varchar(255) DEFAULT NULL,
  `short_name` varchar(255) DEFAULT NULL,
  `website` varchar(255) DEFAULT NULL,
  `brochure` varchar(255) DEFAULT NULL,
  PRIMARY KEY (`id`)
) ENGINE=InnoDB AUTO_INCREMENT=7 DEFAULT CHARSET=latin1 COLLATE=latin1_swedish_ci;
/*!40101 SET character_set_client = @saved_cs_client */;

--
-- Dumping data for table `company`
--

LOCK TABLES `company` WRITE;
/*!40000 ALTER TABLE `company` DISABLE KEYS */;
INSERT INTO `company` VALUES
(1,'AIA','AIA','https://www.aia.com.sg/en/our-products/health/medical-insurance/aia-healthshield-gold-max','https://www.aia.com.sg/content/dam/sg-wise/en/docs/our-products/health/aia-health-shield-gold-max-english-brochure.pdf'),
(2,'Great Eastern','GE','https://www.greateasternlife.com/sg/en/personal-insurance/our-products/health-insurance/great-supremehealth.html','https://www.greateasternlife.com/content/dam/corp-site/great-eastern/sg/gels-ftrp-imc-cm/health-insurance-/great-supremehealth/gsh-gtc-benefit-schedule-and-premium-rates.pdf'),
(3,'HSBC','HSBC','https://www.insurance.hsbclife.com.sg/health-insurance/shield','https://insurance.hsbclife.com.sg/pdf/our_solutions/health/hsbc-life-shield-brochure.pdf'),
(4,'NTUC Income','Income','https://www.income.com.sg/health-insurance/enhanced-incomeshield','https://www.income.com.sg/kcassets/fe7042dd-c427-4926-957e-16324d75294f/Enhanced%20IncomeShield%20Brochure_Website.pdf'),
(5,'Prudential','Prudential','https://www.prudential.com.sg/products/health-insurance/medical/prushield','https://www.prudential.com.sg/-/media/project/prudential/pdf/ebrochures/prushield/prushield-brochure-2023-en.pdf'),
(6,'Singlife','Singlife','https://singlife.com/en/medical-insurance/shield','https://singlife.com/content/dam/public/sg/documents/medical-insurance/singlife-health-plus-and-singlife-shield-brochure.pdf');
/*!40000 ALTER TABLE `company` ENABLE KEYS */;
UNLOCK TABLES;

--
-- Table structure for table `deductible`
--

DROP TABLE IF EXISTS `deductible`;
/*!40101 SET @saved_cs_client     = @@character_set_client */;
/*!40101 SET character_set_client = utf8 */;
CREATE TABLE `deductible` (
  `id` int(11) NOT NULL AUTO_INCREMENT,
  `plan_id` int(11) DEFAULT NULL,
  `ward_type` varchar(255) DEFAULT NULL,
  `amount` decimal(15,2) DEFAULT NULL,
  `amount_senior` decimal(15,2) DEFAULT NULL,
  PRIMARY KEY (`id`),
  KEY `plan_id` (`plan_id`),
  CONSTRAINT `deductible_ibfk_1` FOREIGN KEY (`plan_id`) REFERENCES `plan` (`id`)
) ENGINE=InnoDB AUTO_INCREMENT=127 DEFAULT CHARSET=latin1 COLLATE=latin1_swedish_ci;
/*!40101 SET character_set_client = @saved_cs_client */;

--
-- Dumping data for table `deductible`
--

LOCK TABLES `deductible` WRITE;
/*!40000 ALTER TABLE `deductible` DISABLE KEYS */;
INSERT INTO `deductible` VALUES
(1,1,'C',1500.00,1500.00),
(2,1,'B2',2000.00,2250.00),
(3,1,'B1',2500.00,3000.00),
(4,1,'A',3500.00,4500.00),
(5,1,'Private',3500.00,4500.00),
(6,1,'Non Subsidised Short Stay Ward',2000.00,3000.00),
(7,1,'Subsidised Short Stay Ward',2000.00,3000.00),
(8,1,'Non Subsidised Day Surgery',2000.00,3000.00),
(9,1,'Subsidised Day Surgery',2000.00,3000.00),
(10,2,'C',1500.00,1500.00),
(11,2,'B2',2000.00,2250.00),
(12,2,'B1',2500.00,3000.00),
(13,2,'A',3500.00,4500.00),
(14,2,'Private',3500.00,4500.00),
(15,2,'Non Subsidised Short Stay Ward',2000.00,3000.00),
(16,2,'Subsidised Short Stay Ward',2000.00,3000.00),
(17,2,'Non Subsidised Day Surgery',2000.00,3000.00),
(18,2,'Subsidised Day Surgery',2000.00,3000.00),
(19,3,'C',1500.00,1500.00),
(20,3,'B2',2000.00,2250.00),
(21,3,'B1',2500.00,3000.00),
(22,3,'A',3500.00,4500.00),
(23,3,'Private',3500.00,4500.00),
(24,3,'Non Subsidised Short Stay Ward',2000.00,3000.00),
(25,3,'Subsidised Short Stay Ward',2000.00,3000.00),
(26,3,'Non Subsidised Day Surgery',2000.00,3000.00),
(27,3,'Subsidised Day Surgery',2000.00,3000.00),
(28,4,'C',1500.00,2250.00),
(29,4,'B2',2000.00,3000.00),
(30,4,'B1',2500.00,3750.00),
(31,4,'A',3500.00,5250.00),
(32,4,'Private',3500.00,5250.00),
(33,4,'Non Subsidised Short Stay Ward',2000.00,3000.00),
(34,4,'Subsidised Short Stay Ward',1500.00,2250.00),
(35,4,'Non Subsidised Day Surgery',2500.00,3750.00),
(36,4,'Subsidised Day Surgery',2000.00,3000.00),
(37,5,'C',1500.00,2250.00),
(38,5,'B2',2000.00,3000.00),
(39,5,'B1',2500.00,3750.00),
(40,5,'A',3500.00,5250.00),
(41,5,'Private',3500.00,5250.00),
(42,5,'Non Subsidised Short Stay Ward',2000.00,3000.00),
(43,5,'Subsidised Short Stay Ward',1500.00,2250.00),
(44,5,'Non Subsidised Day Surgery',2500.00,3750.00),
(45,5,'Subsidised Day Surgery',2000.00,3000.00),
(46,6,'C',1500.00,2250.00),
(47,6,'B2',2000.00,3000.00),
(48,6,'B1',2500.00,3750.00),
(49,6,'A',3500.00,5250.00),
(50,6,'Private',3500.00,5250.00),
(51,6,'Non Subsidised Short Stay Ward',2000.00,3000.00),
(52,6,'Subsidised Short Stay Ward',1500.00,2250.00),
(53,6,'Non Subsidised Day Surgery',2500.00,3750.00),
(54,6,'Subsidised Day Surgery',2000.00,3000.00),
(55,9,'C',1500.00,2250.00),
(56,9,'B2',2000.00,3000.00),
(57,9,'B1',2500.00,3750.00),
(58,9,'A',3500.00,5250.00),
(59,9,'Private',3500.00,5250.00),
(60,9,'Non Subsidised Short Stay Ward',3500.00,5250.00),
(61,9,'Subsidised Short Stay Ward',2000.00,3000.00),
(62,9,'Non Subsidised Day Surgery',3500.00,5250.00),
(63,9,'Subsidised Day Surgery',2000.00,3000.00),
(64,10,'C',1500.00,2250.00),
(65,10,'B2',2000.00,3000.00),
(66,10,'B1',2500.00,3750.00),
(67,10,'A',3500.00,5250.00),
(68,10,'Private',3500.00,5250.00),
(69,10,'Non Subsidised Short Stay Ward',3500.00,5250.00),
(70,10,'Subsidised Short Stay Ward',2000.00,3000.00),
(71,10,'Non Subsidised Day Surgery',3500.00,5250.00),
(72,10,'Subsidised Day Surgery',2000.00,3000.00),
(73,11,'C',1500.00,2250.00),
(74,11,'B2',2000.00,3000.00),
(75,11,'B1',2500.00,3750.00),
(76,11,'A',2500.00,3750.00),
(77,11,'Private',2500.00,5250.00),
(78,11,'Non Subsidised Short Stay Ward',2500.00,3750.00),
(79,11,'Subsidised Short Stay Ward',2000.00,3000.00),
(80,11,'Non Subsidised Day Surgery',2500.00,3750.00),
(81,11,'Subsidised Day Surgery',2000.00,3000.00),
(82,12,'C',1500.00,2250.00),
(83,12,'B2',2000.00,3000.00),
(84,12,'B1',2500.00,3750.00),
(85,12,'A',3500.00,5250.00),
(86,12,'Private',3500.00,5250.00),
(87,12,'Non Subsidised Short Stay Ward',2000.00,3000.00),
(88,12,'Subsidised Short Stay Ward',1500.00,2250.00),
(89,12,'Non Subsidised Day Surgery',2000.00,3000.00),
(90,12,'Subsidised Day Surgery',1500.00,2250.00),
(91,13,'C',1500.00,2250.00),
(92,13,'B2',2000.00,3000.00),
(93,13,'B1',2500.00,3750.00),
(94,13,'A',3500.00,5250.00),
(95,13,'Private',3500.00,5250.00),
(96,13,'Non Subsidised Short Stay Ward',2000.00,3000.00),
(97,13,'Subsidised Short Stay Ward',1500.00,2250.00),
(98,13,'Non Subsidised Day Surgery',2000.00,3000.00),
(99,13,'Subsidised Day Surgery',1500.00,2250.00),
(100,14,'C',1500.00,2250.00),
(101,14,'B2',2000.00,3000.00),
(102,14,'B1',2500.00,3750.00),
(103,14,'A',2500.00,5250.00),
(104,14,'Private',2500.00,5250.00),
(105,14,'Non Subsidised Short Stay Ward',2000.00,4500.00),
(106,14,'Subsidised Short Stay Ward',1500.00,3000.00),
(107,14,'Non Subsidised Day Surgery',2000.00,4500.00),
(108,14,'Subsidised Day Surgery',1500.00,3000.00),
(109,15,'C',1500.00,2250.00),
(110,15,'B2',2000.00,3000.00),
(111,15,'B1',2500.00,3750.00),
(112,15,'A',2500.00,5250.00),
(113,15,'Private',2500.00,5250.00),
(114,15,'Non Subsidised Short Stay Ward',2000.00,4500.00),
(115,15,'Subsidised Short Stay Ward',1500.00,3000.00),
(116,15,'Non Subsidised Day Surgery',2000.00,4500.00),
(117,15,'Subsidised Day Surgery',1500.00,3000.00),
(118,16,'C',1500.00,2250.00),
(119,16,'B2',2000.00,3000.00),
(120,16,'B1',2500.00,3750.00),
(121,16,'A',2500.00,5250.00),
(122,16,'Private',2500.00,5250.00),
(123,16,'Non Subsidised Short Stay Ward',2000.00,3000.00),
(124,16,'Subsidised Short Stay Ward',1500.00,2500.00),
(125,16,'Non Subsidised Day Surgery',2000.00,3000.00),
(126,16,'Subsidised Day Surgery',1500.00,2500.00);
/*!40000 ALTER TABLE `deductible` ENABLE KEYS */;
UNLOCK TABLES;

--
-- Table structure for table `plan`
--

DROP TABLE IF EXISTS `plan`;
/*!40101 SET @saved_cs_client     = @@character_set_client */;
/*!40101 SET character_set_client = utf8 */;
CREATE TABLE `plan` (
  `id` int(11) NOT NULL AUTO_INCREMENT,
  `company_id` int(11) DEFAULT NULL,
  `name` varchar(255) DEFAULT NULL,
  `short_name` varchar(255) DEFAULT NULL,
  `ward_type` varchar(255) DEFAULT NULL,
  `policy_year_limit` int(11) DEFAULT NULL,
  `co_insurance` decimal(15,2) DEFAULT NULL,
  `deductible_change_age` int(11) DEFAULT NULL,
  PRIMARY KEY (`id`),
  KEY `company_id` (`company_id`),
  CONSTRAINT `plan_ibfk_1` FOREIGN KEY (`company_id`) REFERENCES `company` (`id`)
) ENGINE=InnoDB AUTO_INCREMENT=17 DEFAULT CHARSET=latin1 COLLATE=latin1_swedish_ci;
/*!40101 SET character_set_client = @saved_cs_client */;

--
-- Dumping data for table `plan`
--

LOCK TABLES `plan` WRITE;
/*!40000 ALTER TABLE `plan` DISABLE KEYS */;
INSERT INTO `plan` VALUES
(1,1,'HealthShield Gold Max A','A','Private',2000000,10.00,81),
(2,1,'HealthShield Gold Max B','B','A',1000000,10.00,81),
(3,1,'HealthShield Gold Max B Lite','B Lite','B1',300000,10.00,81),
(4,2,'GREAT SupremeHealth P PLUS','P PLUS','Private',1500000,10.00,85),
(5,2,'GREAT SupremeHealth A PLUS','A PLUS','A',1000000,10.00,85),
(6,2,'GREAT SupremeHealth B PLUS','B PLUS','B1',500000,10.00,85),
(7,3,'HSBC Life Shield Plan A','Plan A','Private',1000000,10.00,81),
(8,3,'HSBC Life Shield Plan B','Plan B','A',550000,10.00,81),
(9,4,'Enhanced IncomeShield Preferred ','Preferred','Private',1500000,10.00,81),
(10,4,'Enhanced IncomeShield Advantage','Advantage','A',500000,10.00,81),
(11,4,'Enhanced IncomeShield Basic','Basic','B1',250000,10.00,81),
(12,5,'PRUShield Premier','Premier','Private',1200000,10.00,86),
(13,5,'PRUShield Plus','Plus','A',600000,10.00,86),
(14,6,'Singlife Shield Plan 1','Plan 1','Private',2000000,10.00,81),
(15,6,'Singlife Shield Plan 2','Plan 2','Public',1000000,10.00,81),
(16,6,'Singlife Shield Plan 3','Plan 3','B1',500000,10.00,81);
/*!40000 ALTER TABLE `plan` ENABLE KEYS */;
UNLOCK TABLES;

--
-- Table structure for table `planbenefit`
--

DROP TABLE IF EXISTS `planbenefit`;
/*!40101 SET @saved_cs_client     = @@character_set_client */;
/*!40101 SET character_set_client = utf8 */;
CREATE TABLE `planbenefit` (
  `id` int(11) NOT NULL AUTO_INCREMENT,
  `name` varchar(255) DEFAULT NULL,
  PRIMARY KEY (`id`)
) ENGINE=InnoDB AUTO_INCREMENT=42 DEFAULT CHARSET=latin1 COLLATE=latin1_swedish_ci;
/*!40101 SET character_set_client = @saved_cs_client */;

--
-- Dumping data for table `planbenefit`
--

LOCK TABLES `planbenefit` WRITE;
/*!40000 ALTER TABLE `planbenefit` DISABLE KEYS */;
INSERT INTO `planbenefit` VALUES
(1,'Normal Ward'),
(2,'Intensive Care Unit'),
(3,'Psychiatric'),
(4,'Community Hospital'),
(5,'Inpatient Palliative Care (General)'),
(6,'Inpatient Palliative Care (Specialised)'),
(7,'Surgical Procedures'),
(8,'Implants'),
(9,'Radiosurgery'),
(10,'Continuation of Autologous Bone Marrow Transplant Treatment for Multiple Myeloma'),
(11,'Cancer Drug Treatment'),
(12,'Cancer Drug Services'),
(13,'External (Except Hemi-body)'),
(14,'Brachytherapy'),
(15,'Hemi-Body'),
(16,'Sterotactic'),
(17,'Proton Beam Therapy - Category 1'),
(18,'Proton Beam Therapy - Category 2'),
(19,'Proton Beam Therapy - Category 3'),
(20,'Kindney Dialysis'),
(21,'Immunosuppressants for Organ Transplants'),
(22,'Erythropoietin for Cronic Kidney Failure'),
(23,'Long-Term Parental Nutrition'),
(24,'Pre-Hosiptalisation Treatment'),
(25,'Post-Hospitalisation Treatment'),
(26,'Major Organ Transplant'),
(27,'Living Donor Organ Transparent (insured donor)'),
(28,'Living Donor Organ Transplant (non insured donor)'),
(29,'Pregnancy and Delivery-Related Complications'),
(30,'Congential Abnormalies Benefit of Insured'),
(31,'Congential Abnormalities Benefit of Insured\'s Biological Child'),
(32,'Prosthesis Benefit'),
(33,'Critical Illnesses'),
(34,'Emergency Overseas Treatment'),
(35,'Proton Beam Therapy Treatment'),
(36,'Cell, Tissue and Gene Threapy'),
(37,'Final Expense Benefit'),
(38,'Waiver of Premium upon Total Permanent Disability'),
(39,'Lifetime Limit'),
(40,'Last Entry Age'),
(41,'Maximum Coverage Age');
/*!40000 ALTER TABLE `planbenefit` ENABLE KEYS */;
UNLOCK TABLES;

--
-- Table structure for table `planbenefitdetail`
--

DROP TABLE IF EXISTS `planbenefitdetail`;
/*!40101 SET @saved_cs_client     = @@character_set_client */;
/*!40101 SET character_set_client = utf8 */;
CREATE TABLE `planbenefitdetail` (
  `id` int(11) NOT NULL AUTO_INCREMENT,
  `plan_id` int(11) DEFAULT NULL,
  `plan_benefit_id` int(11) DEFAULT NULL,
  `detail` varchar(511) DEFAULT NULL,
  PRIMARY KEY (`id`),
  KEY `plan_id` (`plan_id`),
  KEY `plan_benefit_id` (`plan_benefit_id`),
  CONSTRAINT `planbenefitdetail_ibfk_1` FOREIGN KEY (`plan_id`) REFERENCES `plan` (`id`),
  CONSTRAINT `planbenefitdetail_ibfk_2` FOREIGN KEY (`plan_benefit_id`) REFERENCES `planbenefit` (`id`)
) ENGINE=InnoDB AUTO_INCREMENT=606 DEFAULT CHARSET=latin1 COLLATE=latin1_swedish_ci;
/*!40101 SET character_set_client = @saved_cs_client */;

--
-- Dumping data for table `planbenefitdetail`
--

LOCK TABLES `planbenefitdetail` WRITE;
/*!40000 ALTER TABLE `planbenefitdetail` DISABLE KEYS */;
INSERT INTO `planbenefitdetail` VALUES
(1,1,1,'As Charged'),
(2,1,2,'As Charged'),
(3,1,3,'5000 per policy year '),
(4,1,4,'As Charged'),
(5,1,5,'As Charged'),
(6,1,6,'As Charged'),
(7,1,7,'As Charged'),
(8,1,8,'As Charged'),
(9,1,9,'As Charged'),
(10,1,10,'As Charged'),
(11,1,11,'5x MediShield Life Limit/mth'),
(12,1,12,'5x MediShield Life Limit/yr'),
(13,1,13,'As Charged'),
(14,1,14,'As Charged'),
(15,1,15,'As Charged'),
(16,1,16,'As Charged'),
(17,1,17,'Covered under Additional Benefits'),
(18,1,18,'Covered under Additional Benefits'),
(19,1,19,'Covered under Additional Benefits'),
(20,1,20,'As Charged'),
(21,1,21,'As Charged'),
(22,1,22,'As Charged'),
(23,1,23,'As Charged'),
(24,1,24,'As Charged up to 100 days. If admitted to / treated by AIA preferred providers: Up to 13 months.'),
(25,1,25,'As Charged up to 100 days, with additional 100 days for 30 critical illnesses. If admitted to / treated by AIA preferred providers: Up to 13 months (the additional 100 days for 30 critical illnesses is not applicable) note 2.'),
(26,1,26,'As Charged'),
(27,1,27,'60000/transplant'),
(28,1,28,'60000/transplant (note 4)'),
(29,1,29,'As Charged'),
(30,1,30,'As Charged'),
(31,1,31,'[Only for insured female] 20000/lifetime, limited to 5000/child (with 10 mths waiting period)'),
(32,1,33,'Additional 100000 policy yr limit (for 30 critical illnesses) note 5.'),
(33,1,34,'Reimburse the eligilbe expenses incurred for overseas medical or surgical treatment subject to the applicable claim limits of AIA HealthShield Gold Max A. Benefit payable shall be limited to the level of reasonable and customary charges in a Singapore Private Hospital'),
(34,1,35,'100000/yr (note 16a)'),
(35,1,36,'250000/yr'),
(36,1,37,'5000'),
(37,1,38,'Waives 1 yr premium for insured'),
(38,1,39,'Unlimited'),
(39,1,40,'75'),
(40,1,41,'Lifetime'),
(41,2,1,'As Charged'),
(42,2,2,'As Charged'),
(43,2,3,'4000 per policy year'),
(44,2,4,'As Charged'),
(45,2,5,'As Charged'),
(46,2,6,'As Charged'),
(47,2,7,'As Charged'),
(48,2,8,'As Charged'),
(49,2,9,'As Charged'),
(50,2,10,'As Charged'),
(51,2,11,'5x MediShield Life Limit/mth'),
(52,2,12,'5x MediShield Life Limit/yr'),
(53,2,13,'As Charged in restructured Hospitals. For charges incurred in private hospital, as charged up to 500/treatment. Pro-ration only apply for charges above 500/treatment.'),
(54,2,14,'As Charged in restructured Hospitals. For charges incurred in private hospital, as charged up to 500/treatment. Pro-ration only apply for charges above 500/treatment.'),
(55,2,15,'As Charged in restructured Hospitals. For charges incurred in private hospital, as charged up to 500/treatment. Pro-ration only apply for charges above 500/treatment.'),
(56,2,16,'As Charged in restructured Hospitals. For charges incurred in private hospital, as charged up to 4000/treatment. Pro-ration only apply for charges above 4000/treatment.'),
(57,2,17,'Covered under Additional Benefits'),
(58,2,18,'Covered under Additional Benefits'),
(59,2,19,'Covered under Additional Benefits'),
(60,2,20,'As Charged in restructured Hospitals. For charges incurred in private hospital, as charged up to 4000/treatment. Pro-ration only apply for charges above 4000/treatment.'),
(61,2,21,'As Charged in restructured Hospitals. For charges incurred in private hospital, as charged up to 7200/treatment. Pro-ration only apply for charges above 7200/treatment.'),
(62,2,22,'As Charged in restructured Hospitals. For charges incurred in private hospital, as charged up to 7200/treatment. Pro-ration only apply for charges above 7200/treatment.'),
(63,2,23,'As Charged'),
(64,2,24,'As Charged (Up to 180 days)'),
(65,2,25,'As Charged (Up to 180 days, with additional 100 days for 30 critical illnesses)'),
(66,2,26,'As Charged'),
(67,2,27,'40000/transplant'),
(68,2,28,'40000/transplant (note 3)'),
(69,2,29,'As Charged'),
(70,2,30,'As Charged'),
(71,2,31,'[Only for insured female] 16000/lifetime, limited to 4000/child (with 10 mths waiting period)'),
(72,2,33,'Additional 75000 policy yr limit (for 30 critical illnesses)'),
(73,2,34,'Reimburse the Eligible Expenses incurred for overseas medical or surgical treatment subject to the Hospitalisation and Surgical Benefits Limits of Compensation applicable under AIA HealthShield Gold Max B. Benefit payable shall be limited to the level of Reasonable and Customary charges in a Singapore Private Hospital'),
(74,2,35,'100000/yr (note 15a)'),
(75,2,36,'250000/yr'),
(76,2,37,'3500'),
(77,2,38,'Waives 1 yr premium for insured'),
(78,2,39,'Unlimited'),
(79,2,40,'75'),
(80,2,41,'Lifetime'),
(81,3,1,'As Charged'),
(82,3,2,'As Charged'),
(83,3,3,'3500 per policy year'),
(84,3,4,'As Charged'),
(85,3,5,'As Charged'),
(86,3,6,'As Charged'),
(87,3,7,'As Charged'),
(88,3,8,'As Charged'),
(89,3,9,'As Charged'),
(90,3,10,'As Charged'),
(91,3,11,'5x MediShield Life Limit/mth'),
(92,3,12,'5x MediShield Life Limit/yr'),
(93,3,13,'As Charged'),
(94,3,14,'As Charged'),
(95,3,15,'As Charged'),
(96,3,16,'As Charged'),
(97,3,17,'Covered under Additional Benefits'),
(98,3,18,'Covered under Additional Benefits'),
(99,3,19,'Covered under Additional Benefits'),
(100,3,20,'As Charged'),
(101,3,21,'As Charged'),
(102,3,22,'As Charged'),
(103,3,23,'As Charged'),
(104,3,24,'As Charged (Up to 100 days)'),
(105,3,25,'As Charged (Up to 100 days)'),
(106,3,26,'As Charged'),
(107,3,27,'20000/transplant'),
(108,3,28,'20000/transplant (note 3)'),
(109,3,29,'As Charged'),
(110,3,30,'Covered up to benefit limits of the plan'),
(111,3,31,'[Only for insured female] 12000/lifetime, limited to 3000/child (with 10 mths waiting period)'),
(112,3,33,'Additional 50000 policy year limit for 30 critical illnesses (note 4)'),
(113,3,34,'Reimburse Eligible Expenses incurred for overseas medical or surgical treatment subject to the applicable claim limits under AIA HealthShield Gold Max B Lite. Benefit payable under Emergenct Overseas (Outside Singapore) Medical Treatment Benefit limited to the level of reasonable and customary charges in a Singapore Private Hospital.'),
(114,3,35,'100000/yr (note 15a)'),
(115,3,36,'250000/yr'),
(116,3,37,'2500'),
(117,3,38,'Waives 1 yr premium for insured'),
(118,3,39,'Unlimited'),
(119,3,40,'75'),
(120,3,41,'Lifetime'),
(121,4,1,'As Charged'),
(122,4,2,'As Charged'),
(123,4,3,'25,000 per year'),
(124,4,4,'Sub-acute Care: 1.200/day, Rehabilitation Care: 800/day'),
(125,4,5,'800/day'),
(126,4,6,'800/day'),
(127,4,7,'As Charged'),
(128,4,8,'As Charged'),
(129,4,9,'As Charged'),
(130,4,10,'30,000/yr'),
(131,4,11,'5x MediShield Life Limit/mth'),
(132,4,12,'5x MediShield Life Limit/yr'),
(133,4,13,'As Charged'),
(134,4,14,'As Charged'),
(135,4,15,'As Charged'),
(136,4,16,'As Charged'),
(137,4,17,'Covered Under Additional Benefits'),
(138,4,18,'Covered Under Additional Benefits'),
(139,4,19,'Covered Under Additional Benefits'),
(140,4,20,'As Charged'),
(141,4,21,'As Charged'),
(142,4,22,'As Charged'),
(143,4,23,'As Charged'),
(144,4,24,'As Charged (up to 120 days)'),
(145,4,25,'As Charged (Up to 365 days)'),
(146,4,26,'As Charged'),
(147,4,27,'60,000/transplant'),
(148,4,28,'60,000/transplant'),
(149,4,29,'As Charged'),
(150,4,30,'As Charged'),
(151,4,31,'20,000/lifetime, limited to 5,000 per child (with 300 days waiting period)'),
(152,4,34,'As Charged'),
(153,4,35,'50,000/yr'),
(154,4,36,'200,000/yr'),
(155,4,37,'7000'),
(156,4,39,'Unlimited'),
(157,4,40,'75'),
(158,4,41,'Lifetime'),
(159,5,1,'As Charged'),
(160,5,2,'As Charged'),
(161,5,3,'22,000/yr'),
(162,5,4,'Sub-acute Care: 1,100/day, Rehabilitation Care: 780/day'),
(163,5,5,'780/day'),
(164,5,6,'780/day'),
(165,5,7,'As Charged'),
(166,5,8,'As Charged'),
(167,5,9,'As Charged'),
(168,5,10,'25,000/yr'),
(169,5,11,'5x MediShield Life Limit/mth'),
(170,5,12,'5x MediShield Life Limit/yr'),
(171,5,13,'As Charged'),
(172,5,14,'As Charged'),
(173,5,15,'As Charged'),
(174,5,16,'As Charged'),
(175,5,17,'Covered Under Additional Benefits'),
(176,5,18,'Covered Under Additional Benefits'),
(177,5,19,'Covered Under Additional Benefits'),
(178,5,20,'As Charged'),
(179,5,21,'As Charged'),
(180,5,22,'As Charged'),
(181,5,23,'As Charged'),
(182,5,24,'As Charged (up to 120 days)'),
(183,5,25,'As Charged (up to 365 days)'),
(184,5,26,'As Charged'),
(185,5,27,'40,000/transplant'),
(186,5,28,'40,000/transplant'),
(187,5,29,'As Charged'),
(188,5,30,'As Charged'),
(189,5,31,'16,000/lifetime, limited to 4,000 per child (with 300 days waiting period)'),
(190,5,34,'As Charged'),
(191,5,35,'40,000/yr'),
(192,5,36,'150,000/yr'),
(193,5,37,'6000'),
(194,5,39,'Unlimited'),
(195,5,40,'75'),
(196,5,41,'Lifetime'),
(197,6,1,'As Charged'),
(198,6,2,'As Charged'),
(199,6,3,'20,000/yr'),
(200,6,4,'Sub-acute Care: 1,000/day, Rehabilitation Care: 750/day'),
(201,6,5,'750/day'),
(202,6,6,'750/day'),
(203,6,7,'As Charged'),
(204,6,8,'As Charged'),
(205,6,9,'As Charged'),
(206,6,10,'20,000/yr'),
(207,6,11,'5x MediShield Life Limit/mth'),
(208,6,12,'5x MediShield Life Limit/yr'),
(209,6,13,'As Charged'),
(210,6,14,'As Charged'),
(211,6,15,'As Charged'),
(212,6,16,'As Charged'),
(213,6,17,'Covered Under Additional Benefits'),
(214,6,18,'Covered Under Additional Benefits'),
(215,6,19,'Covered Under Additional Benefits'),
(216,6,20,'As Charged'),
(217,6,21,'As Charged'),
(218,6,22,'As Charged'),
(219,6,23,'As Charged'),
(220,6,24,'As Charged (up to 120 days)'),
(221,6,25,'As Charged (up to 365 days)'),
(222,6,26,'As Charged'),
(223,6,27,'20,000/transplant'),
(224,6,28,'20,000/transplant'),
(225,6,29,'As Charged'),
(226,6,30,'As Charged'),
(227,6,31,'12,000/lifetime, limited to 3,000/child (with 300 days waiting period)'),
(228,6,34,'As Charged'),
(229,6,35,'30,000/yr'),
(230,6,36,'100,000/yr'),
(231,6,37,'3600'),
(232,6,39,'Unlimited'),
(233,6,40,'75'),
(234,6,41,'Lifetime'),
(235,7,1,'As Charged'),
(236,7,2,'As Charged'),
(237,7,3,'Up to $5,000, capped at 60 days per policy year (Additional Post- Hospitalisation Psychiatric Treatment of $5,000 per policy year, within 200 days after Hospital discharge)'),
(238,7,4,'As Charged (up to 45 days)'),
(239,7,5,'As Charged'),
(240,7,6,'As Charged'),
(241,7,7,'As Charged'),
(242,7,8,'As Charged'),
(243,7,9,'As Charged'),
(244,7,10,'As Charged'),
(245,7,11,'5x MediShield Life limit/mth'),
(246,7,12,'5x MediShield Life limit/yr'),
(247,7,13,'As Charged'),
(248,7,14,'As Charged'),
(249,7,15,'As Charged'),
(250,7,16,'As Charged'),
(251,7,17,'Covered under Additional Benefits'),
(252,7,18,'Covered under Additional Benefits'),
(253,7,19,'Covered under Additional Benefits'),
(254,7,20,'As Charged'),
(255,7,21,'As Charged'),
(256,7,22,'As Charged'),
(257,7,23,'As Charged'),
(258,7,24,'As Charged (Up to 180 days)'),
(259,7,25,'As Charged (Up to 365 days)'),
(260,7,26,'As Charged\n(for selected organs)'),
(261,7,27,'60,000/transplant'),
(262,7,28,'60,000/transplant'),
(263,7,29,'As Charged'),
(264,7,30,'As Charged (after a waiting period of 365 days)'),
(265,7,34,'As Charged (pegged to Reasonable\nand Customary charges of Singapore Private Hospitals)'),
(266,7,35,'50,000/yr [Note (16a)]'),
(267,7,36,'100,000/yr'),
(268,7,39,'Unlimited'),
(269,7,40,'75'),
(270,7,41,'Lifetime'),
(271,8,1,'As Charged'),
(272,8,2,'As Charged'),
(273,8,3,'Up to $4,000, capped at 60 days per policy year\n(Additional Post-Hospitalisation Psychiatric Treatment of $2,500 per policy year, within 200 days after Hospital discharge)'),
(274,8,4,'As Charged (up to 45 days)'),
(275,8,5,'As Charged'),
(276,8,6,'As Charged'),
(277,8,7,'As Charged'),
(278,8,8,'As Charged'),
(279,8,9,'As Charged'),
(280,8,10,'As Charged'),
(281,8,11,'5x MediShield Life limit/mth'),
(282,8,12,'5x MediShield Life limit/yr'),
(283,8,13,'As Charged'),
(284,8,14,'As Charged'),
(285,8,15,'As Charged'),
(286,8,16,'As Charged'),
(287,8,17,'Covered under Additional Benefits'),
(288,8,18,'Covered under Additional Benefits'),
(289,8,19,'Covered under Additional Benefits'),
(290,8,20,'As Charged'),
(291,8,21,'As Charged'),
(292,8,22,'As Charged'),
(293,8,23,'As Charged'),
(294,8,24,'As Charged (Up to 180 days)'),
(295,8,25,'As Charged (Up to 365 days)'),
(296,8,26,'As Charged\n(for selected organs)'),
(297,8,27,'$40,000/transplant'),
(298,8,28,'$40,000/transplant'),
(299,8,29,'As Charged'),
(300,8,30,'As Charged\n(after a waiting period of 365 days)'),
(301,8,34,'As Charged (pegged to Reasonable and\nCustomary charges of Singapore Restructured Hospitals)'),
(302,8,35,'50,000/yr [Note (15a)]'),
(303,8,36,'100,000/yr'),
(304,8,39,'Unlimited'),
(305,8,40,'75'),
(306,8,41,'Lifetime'),
(307,9,1,'As Charged'),
(308,9,2,'As Charged'),
(309,9,3,'7,000/yr'),
(310,9,4,'As Charged (up to 90 days for each admission)'),
(311,9,5,'As Charged'),
(312,9,6,'As Charged'),
(313,9,7,'As Charged'),
(314,9,8,'As Charged'),
(315,9,9,'As Charged'),
(316,9,10,'25,000/yr'),
(317,9,11,'5x MediShield Life limit/mth'),
(318,9,12,'5x MediShield Life limit/yr'),
(319,9,13,'As Charged'),
(320,9,14,'As Charged'),
(321,9,15,'As Charged'),
(322,9,16,'As Charged'),
(323,9,17,'Covered under Additional Benefits'),
(324,9,18,'Covered under Additional Benefits'),
(325,9,19,'Covered under Additional Benefits'),
(326,9,20,'As Charged'),
(327,9,21,'As Charged'),
(328,9,22,'As Charged'),
(329,9,23,'As Charged'),
(330,9,24,'As Charged \nNot provided by our Panel: \nUp to 100 days before \nadmission\nProvided by our Panel: Up \nto 180 days before \nadmission'),
(331,9,25,'As Charged \nNot provided by our Panel: \nUp to 100 days after \ndischarge\nProvided by our Panel: Up \nto 365 days after discharge'),
(332,9,26,'As Charged'),
(333,9,27,'60,000/transplant'),
(334,9,28,'60,000/transplant'),
(335,9,29,'As Charged'),
(336,9,30,'As Charged [with 12 mths waiting period]'),
(337,9,32,'10,000/yr'),
(338,9,34,'As Charged (But limited to costs of Singapore private hospitals)'),
(339,9,35,'100,000/yr'),
(340,9,36,'250,000/yr'),
(341,9,37,'5000'),
(342,9,39,'Unlimited'),
(343,9,40,'75'),
(344,9,41,'Lifetime'),
(345,10,1,'As Charged'),
(346,10,2,'As Charged'),
(347,10,3,'7,000/yr'),
(348,10,4,'As Charged (up to 90 days for each admission)'),
(349,10,5,'As Charged'),
(350,10,6,'As Charged'),
(351,10,7,'As Charged'),
(352,10,8,'As Charged'),
(353,10,9,'As Charged'),
(354,10,10,'25,000/yr'),
(355,10,11,'4x MediShield Life limit/mth'),
(356,10,12,'4x MediShield Life limit/yr'),
(357,10,13,'As Charged'),
(358,10,14,'As Charged'),
(359,10,15,'As Charged'),
(360,10,16,'As Charged'),
(361,10,17,'Covered under Additional Benefits'),
(362,10,18,'Covered under Additional Benefits'),
(363,10,19,'Covered under Additional Benefits'),
(364,10,20,'As Charged (Pro-ration factor waived for applicable treatment by preferred partners)'),
(365,10,21,'As Charged'),
(366,10,22,'As Charged'),
(367,10,23,'As Charged'),
(368,10,24,'As Charged (Up to 100 days)'),
(369,10,25,'As Charged (Up to 100 days)'),
(370,10,26,'As Charged'),
(371,10,27,'40,000/transplant'),
(372,10,29,'As Charged'),
(373,10,30,'As Charged (with 12 mths waiting period)'),
(374,10,32,'6,000/yr'),
(375,10,34,'As Charged but limited to costs of ward class A in Singapore restructured hospitals'),
(376,10,35,'100,000/yr'),
(377,10,36,'250,000/yr'),
(378,10,37,'5000'),
(379,10,39,'Unlimited'),
(380,10,40,'75'),
(381,10,41,'Lifetime'),
(382,11,1,' As Charged'),
(383,11,2,' As Charged'),
(384,11,3,'5,000/yr'),
(385,11,4,'As Charged (up to 90 days for each admission)'),
(386,11,5,'As Charged'),
(387,11,6,'As Charged'),
(388,11,7,'As Charged'),
(389,11,8,'As Charged'),
(390,11,9,'As Charged'),
(391,11,10,'10,000/yr'),
(392,11,11,'3x MediShield Life limit/mth'),
(393,11,12,'3x MediShield Life limit/yr'),
(394,11,13,'As Charged'),
(395,11,14,'As Charged'),
(396,11,15,'As Charged'),
(397,11,16,'As Charged'),
(398,11,17,'Covered under Additional Benefits'),
(399,11,18,'Covered under Additional Benefits'),
(400,11,19,'Covered under Additional Benefits'),
(401,11,20,'As Charged (Pro-ration factor waived for applicable treatment by preferred partners)'),
(402,11,21,'As Charged'),
(403,11,22,'As Charged'),
(404,11,23,'As Charged'),
(405,11,24,'As Charged (Up to 100 days)'),
(406,11,25,'As Charged (Up to 100 days)'),
(407,11,26,'As Charged'),
(408,11,27,'20,000/transplant'),
(409,11,29,'As Charged'),
(410,11,30,'As Charged (with 12 mths waiting period)'),
(411,11,32,'6,000/yr'),
(412,11,34,'As Charged but limited to costs of ward class B1 in Singapore restructured hospitals'),
(413,11,35,'70,000/yr'),
(414,11,36,'150,000/yr'),
(415,11,37,'3000'),
(416,11,39,'Unlimited'),
(417,11,40,'75'),
(418,11,41,'Lifetime'),
(419,12,1,'As Charged'),
(420,12,2,'As Charged'),
(421,12,3,'8,000/yr (including pre & post\nhospitalisation benefits)'),
(422,12,4,'As Charged'),
(423,12,5,'As Charged'),
(424,12,6,'As Charged'),
(425,12,7,'As Charged'),
(426,12,8,'As Charged'),
(427,12,9,'As Charged'),
(428,12,10,'25,000/yr'),
(429,12,11,'5x MediShield Life limit/mth'),
(430,12,12,'5x MediShield Life limit/yr'),
(431,12,13,'As Charged'),
(432,12,14,'As Charged'),
(433,12,15,'As Charged'),
(434,12,16,'As Charged'),
(435,12,17,'Covered under Additional Benefits'),
(436,12,18,'Covered under Additional Benefits'),
(437,12,19,'Covered under Additional Benefits'),
(438,12,20,'As Charged'),
(439,12,21,'As Charged'),
(440,12,22,'As Charged'),
(441,12,23,'As Charged'),
(442,12,24,'As Charged (Up to 180 days)'),
(443,12,25,'As Charged (Up to 365 days)'),
(444,12,26,'As Charged\n(for selected organs)'),
(445,12,27,'60,000/yr'),
(446,12,28,'60,000/yr (Note (4))'),
(447,12,29,'As Charged'),
(448,12,30,'20,000/yr\n(If diagnosed or symptoms first appear within 24 months)\nAs Charged\n(If diagnosed or symptoms first appear after 24 months)'),
(449,12,31,'[Only for insured female] 20,000/ lifetime\nLimited to 5,000/ child (with 10 mths waiting period)'),
(450,12,34,'As Charged (paying the lower of:\n- the overseas charges; or\n- in accordance with a Singapore Private Hospital’s charges)'),
(451,12,35,'50,000/yr [Note (16a)]'),
(452,12,36,'75,000/yr'),
(453,12,37,'5000'),
(454,12,39,'Unlimited'),
(455,12,40,'75'),
(456,12,41,'Lifetime'),
(457,13,1,'As Charged'),
(458,13,2,'As Charged'),
(459,13,3,'7,000/yr (including pre & post\nhospitalisation benefits)'),
(460,13,4,'As Charged'),
(461,13,5,'As Charged'),
(462,13,6,'As Charged'),
(463,13,7,'As Charged'),
(464,13,8,'As Charged'),
(465,13,9,'As Charged'),
(466,13,10,'25,000/yr'),
(467,13,11,'5x MediShield Life limit/mth'),
(468,13,12,'5x MediShield Life limit/yr'),
(469,13,13,'As Charged'),
(470,13,14,'As Charged'),
(471,13,15,'As Charged'),
(472,13,16,'As Charged'),
(473,13,17,'Covered under Additional Benefits'),
(474,13,18,'Covered under Additional Benefits'),
(475,13,19,'Covered under Additional Benefits'),
(476,13,20,'As Charged'),
(477,13,21,'As Charged'),
(478,13,22,'As Charged'),
(479,13,23,'As Charged'),
(480,13,24,'As Charged (Up to 180 days)'),
(481,13,25,'As Charged (Up to 365 days)'),
(482,13,26,'As Charged\n(for selected organs)'),
(483,13,27,'40,000/yr'),
(484,13,28,'40,000/yr (Note (3))'),
(485,13,29,'As Charged'),
(486,13,30,'15,000/yr\n(If diagnosed or symptoms first appear within 24 mths)\nAs Charged\n(If diagnosed or symptoms first appear after 24 mths)'),
(487,13,31,'[Only for insured female] 16,000 / lifetime\nLimited to 4,000 / child (with 10 mths waiting period)'),
(488,13,34,'As Charged (paying the lower of:\n- the overseas charges; or\n- in accordance with a Singapore Restructured Hospital’s charges)'),
(489,13,35,'50,000/yr [Note (15a)]'),
(490,13,36,'75,000/yr'),
(491,13,37,'3000'),
(492,13,39,'Unlimited'),
(493,13,40,'75'),
(494,13,41,'Lifetime'),
(495,14,1,'As Charged'),
(496,14,2,'As Charged'),
(497,14,3,'(i) As Charged (up to 60 days) [with 10 mth waiting period] \n(ii) $500/day (up to 35 days) [without waiting period]'),
(498,14,4,'As Charged'),
(499,14,5,'As Charged'),
(500,14,6,'As Charged'),
(501,14,7,'As Charged'),
(502,14,8,'As Charged'),
(503,14,9,'As Charged'),
(504,14,10,'As Charged'),
(505,14,11,'5x MediShield Life limit/mth'),
(506,14,12,'5x MediShield Life limit/yr'),
(507,14,13,'As Charged'),
(508,14,14,'As Charged'),
(509,14,15,'As Charged'),
(510,14,16,'As Charged'),
(511,14,17,'Covered under Additional Benefits'),
(512,14,18,'Covered under Additional Benefits'),
(513,14,19,'Covered under Additional Benefits'),
(514,14,20,'As Charged'),
(515,14,21,'As Charged'),
(516,14,22,'As Charged'),
(517,14,23,'As Charged'),
(518,14,24,'(i) As Charged (Up to 90 days) [for Panel specialist in a private hospital (without certificate of preauthorisation), Extended Panel specialist in a private hospital, or non-panel specialist in a private hospital] \n(ii) As Charged (Up to 180 days) [for Panel specialist in a private hospital (with certificate of preauthorisation), restructured hospital, community hospital, MOH-approved Inpatient Hospice Palliative Care Service provider, A&E]'),
(519,14,25,'(i) As Charged (Up to 180 days) [for Panel specialist in a private hospital (without certificate of preauthorisation), Extended Panel specialist in a private hospital, or non-panel specialist in a private hospital] \n(ii) As Charged (Up to 365 days) [for Panel specialist in a private hospital (with certificate of preauthorisation), restructured hospital, community hospital, MOH-approved Inpatient Hospice Palliative Care Service provider, A&E]'),
(520,14,26,'As Charged\n(for selected organs)'),
(521,14,27,'50,000/ lifetime'),
(522,14,29,'As Charged'),
(523,14,30,'As Charged (with 12 mths waiting period)'),
(524,14,33,'Additional 150,000/yr (for 5 Critical Illnesses) (See Note (5))'),
(525,14,34,'As Charged (pegged to costs of private hospitals in Singapore)'),
(526,14,35,'70,000/yr [Note (16a)]'),
(527,14,36,'150,000/yr'),
(528,14,37,'10000'),
(529,14,39,'Unlimited'),
(530,14,40,'75'),
(531,14,41,'Lifetime'),
(532,15,1,'As Charged'),
(533,15,2,'As Charged'),
(534,15,3,'(i) As Charged (up to 45 days) [with 10 mth waiting period] \n(ii) $500/day (up to 35 days) [without waiting period]'),
(535,15,4,'As Charged'),
(536,15,5,'As Charged'),
(537,15,6,'As Charged'),
(538,15,7,'As Charged'),
(539,15,8,'As Charged'),
(540,15,9,'As Charged'),
(541,15,10,'As Charged'),
(542,15,11,'5x MediShield Life limit/mth'),
(543,15,12,'5x MediShield Life limit/yr'),
(544,15,13,'As Charged'),
(545,15,14,'As Charged'),
(546,15,15,'As Charged'),
(547,15,16,'As Charged'),
(548,15,17,'Covered under Additional Benefits'),
(549,15,18,'Covered under Additional Benefits'),
(550,15,19,'Covered under Additional Benefits'),
(551,15,20,'As Charged'),
(552,15,21,'As Charged'),
(553,15,22,'As Charged'),
(554,15,23,'As Charged'),
(555,15,24,'(i) As Charged (Up to 90 days) [for Panel specialist in a private hospital (without certificate of preauthorisation), Extended Panel specialist in a private hospital, or non-panel specialist in a private hospital] \n(ii) As Charged (Up to 180 days) [for Panel specialist in a private hospital (with certificate of preauthorisation), restructured hospital, community hospital, MOH-approved Inpatient Hospice Palliative Care Service provider, A&E]'),
(556,15,25,'(i) As Charged (Up to 180 days) [for Panel specialist in a private hospital (without certificate of preauthorisation), Extended Panel specialist in a private hospital, or non-panel specialist in a private hospital] \n(ii) As Charged (Up to 365 days) [for Panel specialist in a private hospital (with certificate of preauthorisation), restructured hospital, community hospital, MOH-approved Inpatient Hospice Palliative Care Service provider, A&E]'),
(557,15,26,'As Charged\n(for selected organs)'),
(558,15,27,'30,000/lifetime'),
(559,15,29,'As Charged'),
(560,15,30,'As Charged (with 12 mths waiting period)'),
(561,15,33,'Additional 100,000/yr (for 5 Critical Illnesses) (Note (4))'),
(562,15,34,'As Charged (pegged to costs of restructured hospitals in Singapore)'),
(563,15,35,'70,000/yr [Note (15a)]'),
(564,15,36,'150,000/yr'),
(565,15,37,'10000'),
(566,15,39,'Unlimited'),
(567,15,40,'75'),
(568,15,41,'Lifetime'),
(569,16,1,'As Charged'),
(570,16,2,'As Charged'),
(571,16,3,'500/day (up to 35 days/yr)'),
(572,16,4,'As Charged'),
(573,16,5,'As Charged'),
(574,16,6,'As Charged'),
(575,16,7,'As Charged'),
(576,16,8,'As Charged'),
(577,16,9,'As Charged'),
(578,16,10,'As Charged'),
(579,16,11,'5x MediShield Life limit/mth'),
(580,16,12,'5x MediShield Life limit/yr'),
(581,16,13,'As Charged'),
(582,16,14,'As Charged'),
(583,16,15,'As Charged'),
(584,16,16,'As Charged'),
(585,16,17,'Covered under Additional Benefits'),
(586,16,18,'Covered under Additional Benefits'),
(587,16,19,'Covered under Additional Benefits'),
(588,16,20,'As Charged'),
(589,16,21,'As Charged'),
(590,16,22,'As Charged'),
(591,16,23,'As Charged'),
(592,16,24,'(i) As Charged (Up to 90 days) [for Panel specialist in a private hospital (without certificate of preauthorisation), Extended Panel specialist in a private hospital, or non-panel specialist in a private hospital] \n(ii) As Charged (Up to 180 days) [for Panel specialist in a private hospital (with certificate of preauthorisation), restructured hospital, community hospital, MOHapproved Inpatient Hospice Palliative Care Service provider, A&E]'),
(593,16,25,'(i) As Charged (Up to 180 days) [for Panel specialist in a private hospital (without certificate of preauthorisation), Extended Panel specialist in a private hospital, or non-panel specialist in a private hospital] \n(ii) As Charged (Up to 365 days) [for Panel specialist in a private hospital (with certificate of preauthorisation), restructured hospital, community hospital, MOHapproved Inpatient Hospice Palliative Care Service provider, A&E]'),
(594,16,26,'As Charged\n(for selected organs)'),
(595,16,27,'20,000/lifetime (Note (2))'),
(596,16,29,'As Charged'),
(597,16,30,'As Charged (with 12 mths waiting period)'),
(598,16,33,'Additional 50,000/yr (for 5 Critical Illnesses) (Note (4))'),
(599,16,34,'As Charged (pegged to costs restructured hospitals in Singapore)'),
(600,16,35,'70,000/yr [Note (15a)]'),
(601,16,36,'150,000/yr'),
(602,16,37,'10000'),
(603,16,39,'Unlimited'),
(604,16,40,'75'),
(605,16,41,'Lifetime');
/*!40000 ALTER TABLE `planbenefitdetail` ENABLE KEYS */;
UNLOCK TABLES;

--
-- Table structure for table `planpremium`
--

DROP TABLE IF EXISTS `planpremium`;
/*!40101 SET @saved_cs_client     = @@character_set_client */;
/*!40101 SET character_set_client = utf8 */;
CREATE TABLE `planpremium` (
  `id` int(11) NOT NULL AUTO_INCREMENT,
  `plan_id` int(11) DEFAULT NULL,
  `age` int(11) DEFAULT NULL,
  `amount` decimal(15,2) DEFAULT NULL,
  PRIMARY KEY (`id`),
  KEY `plan_id` (`plan_id`),
  CONSTRAINT `planpremium_ibfk_1` FOREIGN KEY (`plan_id`) REFERENCES `plan` (`id`)
) ENGINE=InnoDB AUTO_INCREMENT=1601 DEFAULT CHARSET=latin1 COLLATE=latin1_swedish_ci;
/*!40101 SET character_set_client = @saved_cs_client */;

--
-- Dumping data for table `planpremium`
--

LOCK TABLES `planpremium` WRITE;
/*!40000 ALTER TABLE `planpremium` DISABLE KEYS */;
INSERT INTO `planpremium` VALUES
(1,1,1,252.30),
(2,1,2,252.30),
(3,1,3,252.30),
(4,1,4,252.30),
(5,1,5,252.30),
(6,1,6,252.30),
(7,1,7,252.30),
(8,1,8,252.30),
(9,1,9,252.30),
(10,1,10,252.30),
(11,1,11,252.30),
(12,1,12,252.30),
(13,1,13,252.30),
(14,1,14,252.30),
(15,1,15,252.30),
(16,1,16,252.30),
(17,1,17,252.30),
(18,1,18,252.30),
(19,1,19,252.30),
(20,1,20,252.30),
(21,1,21,252.30),
(22,1,22,252.30),
(23,1,23,252.30),
(24,1,24,252.30),
(25,1,25,252.30),
(26,1,26,326.00),
(27,1,27,326.00),
(28,1,28,326.00),
(29,1,29,326.00),
(30,1,30,326.00),
(31,1,31,395.60),
(32,1,32,395.60),
(33,1,33,395.60),
(34,1,34,395.60),
(35,1,35,395.60),
(36,1,36,441.00),
(37,1,37,441.00),
(38,1,38,441.00),
(39,1,39,441.00),
(40,1,40,441.00),
(41,1,41,995.20),
(42,1,42,995.20),
(43,1,43,995.20),
(44,1,44,995.20),
(45,1,45,995.20),
(46,1,46,1080.00),
(47,1,47,1080.00),
(48,1,48,1080.00),
(49,1,49,1080.00),
(50,1,50,1080.00),
(51,1,51,1538.20),
(52,1,52,1538.20),
(53,1,53,1538.20),
(54,1,54,1538.20),
(55,1,55,1538.20),
(56,1,56,1954.00),
(57,1,57,1954.00),
(58,1,58,1954.00),
(59,1,59,1954.00),
(60,1,60,1954.00),
(61,1,61,2639.40),
(62,1,62,2639.40),
(63,1,63,2639.40),
(64,1,64,2639.40),
(65,1,65,2639.40),
(66,1,66,3879.90),
(67,1,67,3879.90),
(68,1,68,3879.90),
(69,1,69,3879.90),
(70,1,70,3879.90),
(71,1,71,5153.70),
(72,1,72,5153.70),
(73,1,73,5153.70),
(74,1,74,5708.80),
(75,1,75,5708.80),
(76,1,76,7138.00),
(77,1,77,7138.00),
(78,1,78,7138.00),
(79,1,79,7959.70),
(80,1,80,7959.70),
(81,1,81,8460.30),
(82,1,82,8460.30),
(83,1,83,8460.30),
(84,1,84,8546.10),
(85,1,85,8546.10),
(86,1,86,8630.90),
(87,1,87,8630.90),
(88,1,88,8630.90),
(89,1,89,8717.70),
(90,1,90,8717.70),
(91,1,91,9153.70),
(92,1,92,9153.70),
(93,1,93,9153.70),
(94,1,94,9612.00),
(95,1,95,9612.00),
(96,1,96,10283.20),
(97,1,97,10283.20),
(98,1,98,10283.20),
(99,1,99,10388.10),
(100,1,100,10388.10),
(101,2,1,102.95),
(102,2,2,102.95),
(103,2,3,102.95),
(104,2,4,102.95),
(105,2,5,102.95),
(106,2,6,102.95),
(107,2,7,102.95),
(108,2,8,102.95),
(109,2,9,102.95),
(110,2,10,102.95),
(111,2,11,102.95),
(112,2,12,102.95),
(113,2,13,102.95),
(114,2,14,102.95),
(115,2,15,102.95),
(116,2,16,102.95),
(117,2,17,102.95),
(118,2,18,102.95),
(119,2,19,102.95),
(120,2,20,102.95),
(121,2,21,110.01),
(122,2,22,110.01),
(123,2,23,110.01),
(124,2,24,110.01),
(125,2,25,110.01),
(126,2,26,110.01),
(127,2,27,110.01),
(128,2,28,110.01),
(129,2,29,110.01),
(130,2,30,110.01),
(131,2,31,169.57),
(132,2,32,169.57),
(133,2,33,169.57),
(134,2,34,169.57),
(135,2,35,169.57),
(136,2,36,169.57),
(137,2,37,169.57),
(138,2,38,169.57),
(139,2,39,169.57),
(140,2,40,169.57),
(141,2,41,331.06),
(142,2,42,331.06),
(143,2,43,331.06),
(144,2,44,331.06),
(145,2,45,331.06),
(146,2,46,331.06),
(147,2,47,331.06),
(148,2,48,331.06),
(149,2,49,331.06),
(150,2,50,331.06),
(151,2,51,464.29),
(152,2,52,464.29),
(153,2,53,464.29),
(154,2,54,464.29),
(155,2,55,464.29),
(156,2,56,505.68),
(157,2,57,505.68),
(158,2,58,505.68),
(159,2,59,505.68),
(160,2,60,505.68),
(161,2,61,736.82),
(162,2,62,736.82),
(163,2,63,736.82),
(164,2,64,736.82),
(165,2,65,736.82),
(166,2,66,1376.74),
(167,2,67,1376.74),
(168,2,68,1376.74),
(169,2,69,1376.74),
(170,2,70,1376.74),
(171,2,71,1903.62),
(172,2,72,1903.62),
(173,2,73,1903.62),
(174,2,74,2058.05),
(175,2,75,2058.05),
(176,2,76,2929.12),
(177,2,77,2929.12),
(178,2,78,2929.12),
(179,2,79,2941.23),
(180,2,80,2941.23),
(181,2,81,2996.74),
(182,2,82,2996.74),
(183,2,83,2996.74),
(184,2,84,3072.44),
(185,2,85,3072.44),
(186,2,86,3175.40),
(187,2,87,3175.40),
(188,2,88,3175.40),
(189,2,89,3348.00),
(190,2,90,3348.00),
(191,2,91,3631.62),
(192,2,92,3631.62),
(193,2,93,3631.62),
(194,2,94,3920.29),
(195,2,95,3920.29),
(196,2,96,4381.57),
(197,2,97,4381.57),
(198,2,98,4381.57),
(199,2,99,4716.67),
(200,2,100,4716.67),
(201,3,1,68.63),
(202,3,2,68.63),
(203,3,3,68.63),
(204,3,4,68.63),
(205,3,5,68.63),
(206,3,6,68.63),
(207,3,7,68.63),
(208,3,8,68.63),
(209,3,9,68.63),
(210,3,10,68.63),
(211,3,11,68.63),
(212,3,12,68.63),
(213,3,13,68.63),
(214,3,14,68.63),
(215,3,15,68.63),
(216,3,16,68.63),
(217,3,17,68.63),
(218,3,18,68.63),
(219,3,19,68.63),
(220,3,20,68.63),
(221,3,21,70.65),
(222,3,22,70.65),
(223,3,23,70.65),
(224,3,24,70.65),
(225,3,25,70.65),
(226,3,26,70.65),
(227,3,27,70.65),
(228,3,28,70.65),
(229,3,29,70.65),
(230,3,30,70.65),
(231,3,31,102.95),
(232,3,32,102.95),
(233,3,33,102.95),
(234,3,34,102.95),
(235,3,35,102.95),
(236,3,36,102.95),
(237,3,37,102.95),
(238,3,38,102.95),
(239,3,39,102.95),
(240,3,40,102.95),
(241,3,41,163.51),
(242,3,42,163.51),
(243,3,43,163.51),
(244,3,44,163.51),
(245,3,45,163.51),
(246,3,46,200.85),
(247,3,47,200.85),
(248,3,48,200.85),
(249,3,49,200.85),
(250,3,50,200.85),
(251,3,51,217.00),
(252,3,52,217.00),
(253,3,53,217.00),
(254,3,54,217.00),
(255,3,55,217.00),
(256,3,56,240.22),
(257,3,57,240.22),
(258,3,58,240.22),
(259,3,59,240.22),
(260,3,60,240.22),
(261,3,61,363.36),
(262,3,62,363.36),
(263,3,63,363.36),
(264,3,64,363.36),
(265,3,65,363.36),
(266,3,66,585.42),
(267,3,67,585.42),
(268,3,68,585.42),
(269,3,69,585.42),
(270,3,70,585.42),
(271,3,71,868.03),
(272,3,72,868.03),
(273,3,73,868.03),
(274,3,74,1019.43),
(275,3,75,1019.43),
(276,3,76,1381.79),
(277,3,77,1381.79),
(278,3,78,1381.79),
(279,3,79,1381.79),
(280,3,80,1381.79),
(281,3,81,1431.25),
(282,3,82,1431.25),
(283,3,83,1431.25),
(284,3,84,1480.71),
(285,3,85,1480.71),
(286,3,86,1645.23),
(287,3,87,1645.23),
(288,3,88,1645.23),
(289,3,89,1912.71),
(290,3,90,1912.71),
(291,3,91,2090.35),
(292,3,92,2090.35),
(293,3,93,2090.35),
(294,3,94,2276.07),
(295,3,95,2276.07),
(296,3,96,2573.83),
(297,3,97,2573.83),
(298,3,98,2573.83),
(299,3,99,2787.81),
(300,3,100,2787.81),
(301,4,1,212.98),
(302,4,2,209.94),
(303,4,3,205.90),
(304,4,4,202.88),
(305,4,5,199.85),
(306,4,6,195.81),
(307,4,7,192.78),
(308,4,8,189.76),
(309,4,9,186.73),
(310,4,10,178.65),
(311,4,11,178.65),
(312,4,12,178.65),
(313,4,13,178.65),
(314,4,14,178.65),
(315,4,15,178.65),
(316,4,16,178.65),
(317,4,17,178.65),
(318,4,18,178.65),
(319,4,19,207.92),
(320,4,20,207.92),
(321,4,21,205.90),
(322,4,22,205.90),
(323,4,23,205.90),
(324,4,24,205.90),
(325,4,25,205.90),
(326,4,26,242.24),
(327,4,27,242.24),
(328,4,28,242.24),
(329,4,29,242.24),
(330,4,30,242.24),
(331,4,31,325.00),
(332,4,32,325.00),
(333,4,33,325.00),
(334,4,34,325.00),
(335,4,35,325.00),
(336,4,36,325.00),
(337,4,37,325.00),
(338,4,38,325.00),
(339,4,39,325.00),
(340,4,40,325.00),
(341,4,41,655.06),
(342,4,42,655.06),
(343,4,43,655.06),
(344,4,44,655.06),
(345,4,45,655.06),
(346,4,46,655.06),
(347,4,47,655.06),
(348,4,48,655.06),
(349,4,49,655.06),
(350,4,50,655.06),
(351,4,51,1056.78),
(352,4,52,1072.94),
(353,4,53,1121.39),
(354,4,54,1168.82),
(355,4,55,1218.28),
(356,4,56,1302.06),
(357,4,57,1450.43),
(358,4,58,1450.43),
(359,4,59,1450.43),
(360,4,60,1450.43),
(361,4,61,1911.70),
(362,4,62,1924.82),
(363,4,63,1924.82),
(364,4,64,1924.82),
(365,4,65,1924.82),
(366,4,66,2680.82),
(367,4,67,2871.59),
(368,4,68,2896.82),
(369,4,69,2896.82),
(370,4,70,2896.82),
(371,4,71,3585.20),
(372,4,72,3760.82),
(373,4,73,3773.94),
(374,4,74,4000.04),
(375,4,75,4396.71),
(376,4,76,4595.55),
(377,4,77,4994.24),
(378,4,78,5285.94),
(379,4,79,5521.12),
(380,4,80,6006.61),
(381,4,81,6396.22),
(382,4,82,6880.71),
(383,4,83,7465.12),
(384,4,84,7817.39),
(385,4,85,7835.55),
(386,4,86,7913.27),
(387,4,87,7913.27),
(388,4,88,7913.27),
(389,4,89,7993.00),
(390,4,90,7993.00),
(391,4,91,8392.71),
(392,4,92,8392.71),
(393,4,93,8392.71),
(394,4,94,8813.61),
(395,4,95,8813.61),
(396,4,96,9429.31),
(397,4,97,9429.31),
(398,4,98,9429.31),
(399,4,99,9525.20),
(400,4,100,9525.20),
(401,5,1,74.69),
(402,5,2,74.69),
(403,5,3,74.69),
(404,5,4,73.68),
(405,5,5,73.68),
(406,5,6,72.67),
(407,5,7,72.67),
(408,5,8,72.67),
(409,5,9,70.65),
(410,5,10,70.65),
(411,5,11,70.65),
(412,5,12,70.65),
(413,5,13,72.67),
(414,5,14,72.67),
(415,5,15,73.68),
(416,5,16,74.69),
(417,5,17,74.69),
(418,5,18,75.70),
(419,5,19,83.78),
(420,5,20,83.78),
(421,5,21,83.78),
(422,5,22,83.78),
(423,5,23,83.78),
(424,5,24,84.78),
(425,5,25,84.78),
(426,5,26,87.81),
(427,5,27,91.85),
(428,5,28,94.88),
(429,5,29,98.92),
(430,5,30,102.96),
(431,5,31,107.00),
(432,5,32,111.02),
(433,5,33,115.06),
(434,5,34,121.12),
(435,5,35,124.15),
(436,5,36,127.18),
(437,5,37,129.20),
(438,5,38,132.22),
(439,5,39,134.24),
(440,5,40,136.26),
(441,5,41,196.82),
(442,5,42,212.98),
(443,5,43,230.13),
(444,5,44,233.16),
(445,5,45,235.18),
(446,5,46,237.20),
(447,5,47,240.22),
(448,5,48,241.23),
(449,5,49,242.24),
(450,5,50,244.26),
(451,5,51,289.68),
(452,5,52,307.85),
(453,5,53,328.04),
(454,5,54,350.24),
(455,5,55,372.45),
(456,5,56,397.68),
(457,5,57,425.94),
(458,5,58,456.22),
(459,5,59,488.53),
(460,5,60,522.84),
(461,5,61,560.19),
(462,5,62,601.57),
(463,5,63,649.00),
(464,5,64,723.70),
(465,5,65,806.47),
(466,5,66,899.33),
(467,5,67,1003.29),
(468,5,68,1110.28),
(469,5,69,1213.23),
(470,5,70,1325.27),
(471,5,71,1448.41),
(472,5,72,1543.29),
(473,5,73,1645.23),
(474,5,74,1753.23),
(475,5,75,1869.31),
(476,5,76,1992.45),
(477,5,77,2122.65),
(478,5,78,2262.96),
(479,5,79,2413.35),
(480,5,80,2577.87),
(481,5,81,2667.70),
(482,5,82,2761.57),
(483,5,83,2857.45),
(484,5,84,2956.37),
(485,5,85,3059.33),
(486,5,86,3166.32),
(487,5,87,3277.35),
(488,5,88,3391.41),
(489,5,89,3509.49),
(490,5,90,3631.63),
(491,5,91,3758.80),
(492,5,92,3890.02),
(493,5,93,4025.27),
(494,5,94,4165.57),
(495,5,95,4310.92),
(496,5,96,4461.31),
(497,5,97,4617.76),
(498,5,98,4778.24),
(499,5,99,4944.78),
(500,5,100,5117.39),
(501,6,1,50.47),
(502,6,2,50.47),
(503,6,3,50.47),
(504,6,4,49.45),
(505,6,5,49.45),
(506,6,6,49.45),
(507,6,7,49.45),
(508,6,8,48.45),
(509,6,9,48.45),
(510,6,10,48.45),
(511,6,11,48.45),
(512,6,12,49.45),
(513,6,13,50.47),
(514,6,14,51.47),
(515,6,15,52.49),
(516,6,16,53.49),
(517,6,17,54.51),
(518,6,18,55.51),
(519,6,19,56.53),
(520,6,20,57.53),
(521,6,21,58.55),
(522,6,22,59.55),
(523,6,23,59.55),
(524,6,24,59.55),
(525,6,25,59.55),
(526,6,26,59.55),
(527,6,27,61.57),
(528,6,28,75.70),
(529,6,29,75.70),
(530,6,30,76.71),
(531,6,31,77.72),
(532,6,32,78.73),
(533,6,33,79.74),
(534,6,34,80.75),
(535,6,35,80.75),
(536,6,36,81.76),
(537,6,37,85.80),
(538,6,38,90.84),
(539,6,39,94.88),
(540,6,40,99.92),
(541,6,41,141.31),
(542,6,42,142.32),
(543,6,43,142.32),
(544,6,44,142.32),
(545,6,45,143.33),
(546,6,46,145.35),
(547,6,47,147.37),
(548,6,48,148.37),
(549,6,49,154.43),
(550,6,50,157.45),
(551,6,51,227.10),
(552,6,52,244.26),
(553,6,53,250.32),
(554,6,54,256.37),
(555,6,55,262.43),
(556,6,56,280.59),
(557,6,57,288.67),
(558,6,58,293.72),
(559,6,59,298.77),
(560,6,60,314.92),
(561,6,61,349.23),
(562,6,62,388.59),
(563,6,63,431.00),
(564,6,64,480.45),
(565,6,65,531.92),
(566,6,66,590.47),
(567,6,67,656.08),
(568,6,68,728.75),
(569,6,69,809.49),
(570,6,70,897.31),
(571,6,71,958.88),
(572,6,72,1024.49),
(573,6,73,1094.13),
(574,6,74,1169.83),
(575,6,75,1249.57),
(576,6,76,1335.37),
(577,6,77,1426.20),
(578,6,78,1523.10),
(579,6,79,1628.08),
(580,6,80,1743.14),
(581,6,81,1795.63),
(582,6,82,1850.13),
(583,6,83,1905.65),
(584,6,84,1962.17),
(585,6,85,2021.72),
(586,6,86,2082.28),
(587,6,87,2144.86),
(588,6,88,2209.45),
(589,6,89,2276.08),
(590,6,90,2343.70),
(591,6,91,2414.35),
(592,6,92,2487.02),
(593,6,93,2561.72),
(594,6,94,2638.43),
(595,6,95,2718.17),
(596,6,96,2799.92),
(597,6,97,2883.70),
(598,6,98,2970.51),
(599,6,99,3056.30),
(600,6,100,3152.19),
(601,7,1,171.60),
(602,7,2,171.60),
(603,7,3,171.60),
(604,7,4,174.60),
(605,7,5,174.60),
(606,7,6,174.60),
(607,7,7,174.60),
(608,7,8,174.60),
(609,7,9,174.60),
(610,7,10,174.60),
(611,7,11,174.60),
(612,7,12,174.60),
(613,7,13,174.60),
(614,7,14,174.60),
(615,7,15,174.60),
(616,7,16,174.60),
(617,7,17,174.60),
(618,7,18,174.60),
(619,7,19,186.70),
(620,7,20,186.70),
(621,7,21,186.70),
(622,7,22,186.70),
(623,7,23,186.70),
(624,7,24,186.70),
(625,7,25,186.70),
(626,7,26,232.20),
(627,7,27,232.20),
(628,7,28,232.20),
(629,7,29,232.20),
(630,7,30,232.20),
(631,7,31,324.00),
(632,7,32,324.00),
(633,7,33,324.00),
(634,7,34,324.00),
(635,7,35,324.00),
(636,7,36,324.00),
(637,7,37,324.00),
(638,7,38,324.00),
(639,7,39,324.00),
(640,7,40,324.00),
(641,7,41,654.10),
(642,7,42,654.10),
(643,7,43,654.10),
(644,7,44,654.10),
(645,7,45,654.10),
(646,7,46,654.10),
(647,7,47,654.10),
(648,7,48,654.10),
(649,7,49,654.10),
(650,7,50,654.10),
(651,7,51,1059.80),
(652,7,52,1059.80),
(653,7,53,1059.80),
(654,7,54,1059.80),
(655,7,55,1059.80),
(656,7,56,1413.10),
(657,7,57,1413.10),
(658,7,58,1413.10),
(659,7,59,1413.10),
(660,7,60,1413.10),
(661,7,61,1917.80),
(662,7,62,1917.80),
(663,7,63,1917.80),
(664,7,64,1917.80),
(665,7,65,1917.80),
(666,7,66,2614.20),
(667,7,67,2614.20),
(668,7,68,2614.20),
(669,7,69,2674.80),
(670,7,70,2674.80),
(671,7,71,3782.00),
(672,7,72,3782.00),
(673,7,73,3782.00),
(674,7,74,4239.30),
(675,7,75,4239.30),
(676,7,76,5278.90),
(677,7,77,5278.90),
(678,7,78,5278.90),
(679,7,79,5596.80),
(680,7,80,5596.80),
(681,7,81,5853.20),
(682,7,82,5853.20),
(683,7,83,5853.20),
(684,7,84,6863.60),
(685,7,85,6863.60),
(686,7,86,7044.20),
(687,7,87,7044.20),
(688,7,88,7044.20),
(689,7,89,7711.40),
(690,7,90,7711.40),
(691,7,91,8953.90),
(692,7,92,8953.90),
(693,7,93,8953.90),
(694,7,94,9548.40),
(695,7,95,9548.40),
(696,7,96,10588.00),
(697,7,97,10588.00),
(698,7,98,10588.00),
(699,7,99,11910.30),
(700,7,100,11910.30),
(701,8,1,78.70),
(702,8,2,78.70),
(703,8,3,78.70),
(704,8,4,78.70),
(705,8,5,78.70),
(706,8,6,78.70),
(707,8,7,78.70),
(708,8,8,78.70),
(709,8,9,78.70),
(710,8,10,78.70),
(711,8,11,78.70),
(712,8,12,78.70),
(713,8,13,78.70),
(714,8,14,78.70),
(715,8,15,78.70),
(716,8,16,78.70),
(717,8,17,78.70),
(718,8,18,78.70),
(719,8,19,78.70),
(720,8,20,78.70),
(721,8,21,90.80),
(722,8,22,90.80),
(723,8,23,90.80),
(724,8,24,90.80),
(725,8,25,90.80),
(726,8,26,90.80),
(727,8,27,90.80),
(728,8,28,90.80),
(729,8,29,90.80),
(730,8,30,90.80),
(731,8,31,157.50),
(732,8,32,157.50),
(733,8,33,157.50),
(734,8,34,157.50),
(735,8,35,157.50),
(736,8,36,157.50),
(737,8,37,157.50),
(738,8,38,157.50),
(739,8,39,157.50),
(740,8,40,157.50),
(741,8,41,231.10),
(742,8,42,231.10),
(743,8,43,231.10),
(744,8,44,231.10),
(745,8,45,231.10),
(746,8,46,314.90),
(747,8,47,314.90),
(748,8,48,314.90),
(749,8,49,314.90),
(750,8,50,314.90),
(751,8,51,414.80),
(752,8,52,414.80),
(753,8,53,414.80),
(754,8,54,414.80),
(755,8,55,414.80),
(756,8,56,472.40),
(757,8,57,472.40),
(758,8,58,472.40),
(759,8,59,472.40),
(760,8,60,472.40),
(761,8,61,673.20),
(762,8,62,673.20),
(763,8,63,673.20),
(764,8,64,673.20),
(765,8,65,673.20),
(766,8,66,955.90),
(767,8,67,955.90),
(768,8,68,955.90),
(769,8,69,955.90),
(770,8,70,955.90),
(771,8,71,1289.90),
(772,8,72,1289.90),
(773,8,73,1289.90),
(774,8,74,1574.60),
(775,8,75,1574.60),
(776,8,76,1763.30),
(777,8,77,1763.30),
(778,8,78,1763.30),
(779,8,79,1975.30),
(780,8,80,1975.30),
(781,8,81,2213.50),
(782,8,82,2213.50),
(783,8,83,2213.50),
(784,8,84,2476.90),
(785,8,85,2476.90),
(786,8,86,2774.70),
(787,8,87,2774.70),
(788,8,88,2774.70),
(789,8,89,3106.80),
(790,8,90,3106.80),
(791,8,91,4486.60),
(792,8,92,4486.60),
(793,8,93,4486.60),
(794,8,94,4486.60),
(795,8,95,4486.60),
(796,8,96,4487.60),
(797,8,97,4487.60),
(798,8,98,4487.60),
(799,8,99,4888.30),
(800,8,100,4888.30),
(801,9,1,176.64),
(802,9,2,176.64),
(803,9,3,176.64),
(804,9,4,176.64),
(805,9,5,176.64),
(806,9,6,176.64),
(807,9,7,176.64),
(808,9,8,176.64),
(809,9,9,176.64),
(810,9,10,176.64),
(811,9,11,176.64),
(812,9,12,176.64),
(813,9,13,176.64),
(814,9,14,176.64),
(815,9,15,176.64),
(816,9,16,176.64),
(817,9,17,176.64),
(818,9,18,176.64),
(819,9,19,186.73),
(820,9,20,186.73),
(821,9,21,201.87),
(822,9,22,201.87),
(823,9,23,201.87),
(824,9,24,201.87),
(825,9,25,201.87),
(826,9,26,217.01),
(827,9,27,217.01),
(828,9,28,217.01),
(829,9,29,217.01),
(830,9,30,217.01),
(831,9,31,292.71),
(832,9,32,292.71),
(833,9,33,292.71),
(834,9,34,292.71),
(835,9,35,292.71),
(836,9,36,302.80),
(837,9,37,302.80),
(838,9,38,302.80),
(839,9,39,302.80),
(840,9,40,302.80),
(841,9,41,701.50),
(842,9,42,701.50),
(843,9,43,701.50),
(844,9,44,701.50),
(845,9,45,701.50),
(846,9,46,832.71),
(847,9,47,832.71),
(848,9,48,832.71),
(849,9,49,832.71),
(850,9,50,832.71),
(851,9,51,1090.09),
(852,9,52,1090.09),
(853,9,53,1090.09),
(854,9,54,1090.09),
(855,9,55,1090.09),
(856,9,56,1392.90),
(857,9,57,1392.90),
(858,9,58,1392.90),
(859,9,59,1392.90),
(860,9,60,1392.90),
(861,9,61,1867.29),
(862,9,62,1867.29),
(863,9,63,1867.29),
(864,9,64,1867.29),
(865,9,65,1867.29),
(866,9,66,2599.07),
(867,9,67,2599.07),
(868,9,68,2599.07),
(869,9,69,2599.07),
(870,9,70,2599.07),
(871,9,71,3411.59),
(872,9,72,3411.59),
(873,9,73,3411.59),
(874,9,74,3896.07),
(875,9,75,3896.07),
(876,9,76,4390.65),
(877,9,77,4390.65),
(878,9,78,4390.65),
(879,9,79,4945.79),
(880,9,80,4945.79),
(881,9,81,5198.13),
(882,9,82,5198.13),
(883,9,83,5198.13),
(884,9,84,5904.67),
(885,9,85,5904.67),
(886,9,86,6469.91),
(887,9,87,6469.91),
(888,9,88,6469.91),
(889,9,89,7090.65),
(890,9,90,7090.65),
(891,9,91,7570.09),
(892,9,92,7570.09),
(893,9,93,7570.09),
(894,9,94,8160.56),
(895,9,95,8160.56),
(896,9,96,8579.44),
(897,9,97,8579.44),
(898,9,98,8579.44),
(899,9,99,9134.58),
(900,9,100,9134.58),
(901,10,1,29.27),
(902,10,2,29.27),
(903,10,3,29.27),
(904,10,4,29.27),
(905,10,5,29.27),
(906,10,6,29.27),
(907,10,7,29.27),
(908,10,8,29.27),
(909,10,9,29.27),
(910,10,10,29.27),
(911,10,11,29.27),
(912,10,12,29.27),
(913,10,13,29.27),
(914,10,14,29.27),
(915,10,15,29.27),
(916,10,16,29.27),
(917,10,17,29.27),
(918,10,18,29.27),
(919,10,19,44.41),
(920,10,20,44.41),
(921,10,21,44.41),
(922,10,22,44.41),
(923,10,23,44.41),
(924,10,24,44.41),
(925,10,25,44.41),
(926,10,26,44.41),
(927,10,27,44.41),
(928,10,28,44.41),
(929,10,29,44.41),
(930,10,30,44.41),
(931,10,31,83.78),
(932,10,32,83.78),
(933,10,33,83.78),
(934,10,34,83.78),
(935,10,35,83.78),
(936,10,36,106.99),
(937,10,37,106.99),
(938,10,38,106.99),
(939,10,39,106.99),
(940,10,40,106.99),
(941,10,41,202.88),
(942,10,42,202.88),
(943,10,43,202.88),
(944,10,44,202.88),
(945,10,45,202.88),
(946,10,46,213.98),
(947,10,47,213.98),
(948,10,48,213.98),
(949,10,49,213.98),
(950,10,50,213.98),
(951,10,51,336.11),
(952,10,52,336.11),
(953,10,53,336.11),
(954,10,54,336.11),
(955,10,55,336.11),
(956,10,56,372.45),
(957,10,57,372.45),
(958,10,58,372.45),
(959,10,59,372.45),
(960,10,60,372.45),
(961,10,61,594.50),
(962,10,62,594.50),
(963,10,63,594.50),
(964,10,64,594.50),
(965,10,65,594.50),
(966,10,66,910.43),
(967,10,67,910.43),
(968,10,68,910.43),
(969,10,69,910.43),
(970,10,70,910.43),
(971,10,71,1298.02),
(972,10,72,1298.02),
(973,10,73,1298.02),
(974,10,74,1543.29),
(975,10,75,1543.29),
(976,10,76,1879.40),
(977,10,77,1879.40),
(978,10,78,1879.40),
(979,10,79,2179.18),
(980,10,80,2179.18),
(981,10,81,2252.86),
(982,10,82,2252.86),
(983,10,83,2252.86),
(984,10,84,2572.82),
(985,10,85,2572.82),
(986,10,86,2862.50),
(987,10,87,2862.50),
(988,10,88,2862.50),
(989,10,89,3167.33),
(990,10,90,3167.33),
(991,10,91,3504.45),
(992,10,92,3504.45),
(993,10,93,3504.45),
(994,10,94,3898.09),
(995,10,95,3898.09),
(996,10,96,4271.55),
(997,10,97,4271.55),
(998,10,98,4271.55),
(999,10,99,4633.91),
(1000,10,100,4633.91),
(1001,11,1,24.22),
(1002,11,2,24.22),
(1003,11,3,24.22),
(1004,11,4,24.22),
(1005,11,5,24.22),
(1006,11,6,24.22),
(1007,11,7,24.22),
(1008,11,8,24.22),
(1009,11,9,24.22),
(1010,11,10,24.22),
(1011,11,11,24.22),
(1012,11,12,24.22),
(1013,11,13,24.22),
(1014,11,14,24.22),
(1015,11,15,24.22),
(1016,11,16,24.22),
(1017,11,17,24.22),
(1018,11,18,24.22),
(1019,11,19,38.36),
(1020,11,20,38.36),
(1021,11,21,32.30),
(1022,11,22,32.30),
(1023,11,23,32.30),
(1024,11,24,32.30),
(1025,11,25,32.30),
(1026,11,26,32.30),
(1027,11,27,32.30),
(1028,11,28,32.30),
(1029,11,29,32.30),
(1030,11,30,32.30),
(1031,11,31,63.59),
(1032,11,32,63.59),
(1033,11,33,63.59),
(1034,11,34,63.59),
(1035,11,35,63.59),
(1036,11,36,73.68),
(1037,11,37,73.68),
(1038,11,38,73.68),
(1039,11,39,73.68),
(1040,11,40,73.68),
(1041,11,41,114.06),
(1042,11,42,114.06),
(1043,11,43,114.06),
(1044,11,44,114.06),
(1045,11,45,114.06),
(1046,11,46,131.21),
(1047,11,47,131.21),
(1048,11,48,131.21),
(1049,11,49,131.21),
(1050,11,50,131.21),
(1051,11,51,147.36),
(1052,11,52,147.36),
(1053,11,53,147.36),
(1054,11,54,147.36),
(1055,11,55,147.36),
(1056,11,56,159.48),
(1057,11,57,159.48),
(1058,11,58,159.48),
(1059,11,59,159.48),
(1060,11,60,159.48),
(1061,11,61,299.78),
(1062,11,62,299.78),
(1063,11,63,299.78),
(1064,11,64,299.78),
(1065,11,65,299.78),
(1066,11,66,473.38),
(1067,11,67,473.38),
(1068,11,68,473.38),
(1069,11,69,473.38),
(1070,11,70,473.38),
(1071,11,71,721.68),
(1072,11,72,721.68),
(1073,11,73,721.68),
(1074,11,74,855.93),
(1075,11,75,855.93),
(1076,11,76,1024.49),
(1077,11,77,1024.49),
(1078,11,78,1024.49),
(1079,11,79,1165.79),
(1080,11,80,1165.79),
(1081,11,81,1278.84),
(1082,11,82,1278.84),
(1083,11,83,1278.84),
(1084,11,84,1506.95),
(1085,11,85,1506.95),
(1086,11,86,1662.39),
(1087,11,87,1662.39),
(1088,11,88,1662.39),
(1089,11,89,1936.93),
(1090,11,90,1936.93),
(1091,11,91,2317.46),
(1092,11,92,2317.46),
(1093,11,93,2317.46),
(1094,11,94,2584.93),
(1095,11,95,2584.93),
(1096,11,96,2849.38),
(1097,11,97,2849.38),
(1098,11,98,2849.38),
(1099,11,99,3122.92),
(1100,11,100,3122.92),
(1101,12,1,228.11),
(1102,12,2,225.08),
(1103,12,3,221.05),
(1104,12,4,218.02),
(1105,12,5,214.99),
(1106,12,6,209.94),
(1107,12,7,206.92),
(1108,12,8,203.89),
(1109,12,9,200.86),
(1110,12,10,192.79),
(1111,12,11,192.79),
(1112,12,12,192.79),
(1113,12,13,192.79),
(1114,12,14,192.79),
(1115,12,15,192.79),
(1116,12,16,192.79),
(1117,12,17,192.79),
(1118,12,18,192.79),
(1119,12,19,221.05),
(1120,12,20,221.05),
(1121,12,21,221.05),
(1122,12,22,221.05),
(1123,12,23,221.05),
(1124,12,24,221.05),
(1125,12,25,221.05),
(1126,12,26,257.38),
(1127,12,27,257.38),
(1128,12,28,257.38),
(1129,12,29,257.38),
(1130,12,30,257.38),
(1131,12,31,340.15),
(1132,12,32,340.15),
(1133,12,33,340.15),
(1134,12,34,340.15),
(1135,12,35,340.15),
(1136,12,36,346.21),
(1137,12,37,346.21),
(1138,12,38,346.21),
(1139,12,39,346.21),
(1140,12,40,346.21),
(1141,12,41,692.41),
(1142,12,42,692.41),
(1143,12,43,692.41),
(1144,12,44,692.41),
(1145,12,45,692.41),
(1146,12,46,692.41),
(1147,12,47,692.41),
(1148,12,48,692.41),
(1149,12,49,692.41),
(1150,12,50,692.41),
(1151,12,51,1114.32),
(1152,12,52,1130.47),
(1153,12,53,1181.94),
(1154,12,54,1231.40),
(1155,12,55,1282.88),
(1156,12,56,1371.70),
(1157,12,57,1526.13),
(1158,12,58,1526.13),
(1159,12,59,1526.13),
(1160,12,60,1526.13),
(1161,12,61,2008.60),
(1162,12,62,2023.74),
(1163,12,63,2023.74),
(1164,12,64,2023.74),
(1165,12,65,2023.74),
(1166,12,66,2816.07),
(1167,12,67,3017.94),
(1168,12,68,3043.18),
(1169,12,69,3043.18),
(1170,12,70,3043.18),
(1171,12,71,3590.24),
(1172,12,72,3765.87),
(1173,12,73,3778.99),
(1174,12,74,4005.08),
(1175,12,75,4401.76),
(1176,12,76,4600.60),
(1177,12,77,4999.29),
(1178,12,78,5290.99),
(1179,12,79,5525.16),
(1180,12,80,6011.66),
(1181,12,81,6400.26),
(1182,12,82,6885.76),
(1183,12,83,7469.16),
(1184,12,84,7822.43),
(1185,12,85,8154.50),
(1186,12,86,8397.76),
(1187,12,87,8729.83),
(1188,12,88,9061.91),
(1189,12,89,9396.00),
(1190,12,90,9586.77),
(1191,12,91,9646.32),
(1192,12,92,9646.32),
(1193,12,93,9646.32),
(1194,12,94,10507.29),
(1195,12,95,10575.93),
(1196,12,96,10659.70),
(1197,12,97,10736.41),
(1198,12,98,10736.41),
(1199,12,99,10736.41),
(1200,12,100,10736.41),
(1201,13,1,74.69),
(1202,13,2,74.69),
(1203,13,3,74.69),
(1204,13,4,74.69),
(1205,13,5,74.69),
(1206,13,6,67.63),
(1207,13,7,67.63),
(1208,13,8,67.63),
(1209,13,9,67.63),
(1210,13,10,67.63),
(1211,13,11,67.63),
(1212,13,12,67.63),
(1213,13,13,67.63),
(1214,13,14,67.63),
(1215,13,15,67.63),
(1216,13,16,67.63),
(1217,13,17,67.63),
(1218,13,18,67.63),
(1219,13,19,67.63),
(1220,13,20,67.63),
(1221,13,21,58.54),
(1222,13,22,58.54),
(1223,13,23,58.54),
(1224,13,24,58.54),
(1225,13,25,58.54),
(1226,13,26,58.54),
(1227,13,27,58.54),
(1228,13,28,58.54),
(1229,13,29,58.54),
(1230,13,30,58.54),
(1231,13,31,86.80),
(1232,13,32,86.80),
(1233,13,33,86.80),
(1234,13,34,86.80),
(1235,13,35,86.80),
(1236,13,36,113.05),
(1237,13,37,113.05),
(1238,13,38,113.05),
(1239,13,39,113.05),
(1240,13,40,113.05),
(1241,13,41,148.37),
(1242,13,42,148.37),
(1243,13,43,148.37),
(1244,13,44,148.37),
(1245,13,45,148.37),
(1246,13,46,182.69),
(1247,13,47,182.69),
(1248,13,48,182.69),
(1249,13,49,182.69),
(1250,13,50,182.69),
(1251,13,51,227.10),
(1252,13,52,227.10),
(1253,13,53,227.10),
(1254,13,54,254.36),
(1255,13,55,254.36),
(1256,13,56,258.39),
(1257,13,57,258.39),
(1258,13,58,258.39),
(1259,13,59,258.39),
(1260,13,60,258.39),
(1261,13,61,344.19),
(1262,13,62,344.19),
(1263,13,63,344.19),
(1264,13,64,428.97),
(1265,13,65,428.97),
(1266,13,66,695.44),
(1267,13,67,695.44),
(1268,13,68,695.44),
(1269,13,69,781.23),
(1270,13,70,781.23),
(1271,13,71,1095.14),
(1272,13,72,1095.14),
(1273,13,73,1095.14),
(1274,13,74,1262.69),
(1275,13,75,1430.24),
(1276,13,76,1718.92),
(1277,13,77,2006.58),
(1278,13,78,2006.58),
(1279,13,79,2034.84),
(1280,13,80,2034.84),
(1281,13,81,2247.81),
(1282,13,82,2247.81),
(1283,13,83,2247.81),
(1284,13,84,2608.15),
(1285,13,85,2608.15),
(1286,13,86,2797.91),
(1287,13,87,2797.91),
(1288,13,88,2797.91),
(1289,13,89,2797.91),
(1290,13,90,2797.91),
(1291,13,91,2892.79),
(1292,13,92,2892.79),
(1293,13,93,2892.79),
(1294,13,94,3242.02),
(1295,13,95,3242.02),
(1296,13,96,3411.59),
(1297,13,97,3411.59),
(1298,13,98,3411.59),
(1299,13,99,3791.10),
(1300,13,100,3791.10),
(1301,14,1,193.80),
(1302,14,2,193.80),
(1303,14,3,193.80),
(1304,14,4,193.80),
(1305,14,5,193.80),
(1306,14,6,193.80),
(1307,14,7,193.80),
(1308,14,8,193.80),
(1309,14,9,193.80),
(1310,14,10,193.80),
(1311,14,11,193.80),
(1312,14,12,193.80),
(1313,14,13,193.80),
(1314,14,14,193.80),
(1315,14,15,193.80),
(1316,14,16,193.80),
(1317,14,17,193.80),
(1318,14,18,193.80),
(1319,14,19,193.80),
(1320,14,20,193.80),
(1321,14,21,234.17),
(1322,14,22,234.17),
(1323,14,23,234.17),
(1324,14,24,234.17),
(1325,14,25,234.17),
(1326,14,26,234.17),
(1327,14,27,234.17),
(1328,14,28,234.17),
(1329,14,29,234.17),
(1330,14,30,234.17),
(1331,14,31,412.82),
(1332,14,32,412.82),
(1333,14,33,412.82),
(1334,14,34,412.82),
(1335,14,35,412.82),
(1336,14,36,412.82),
(1337,14,37,412.82),
(1338,14,38,412.82),
(1339,14,39,412.82),
(1340,14,40,412.82),
(1341,14,41,720.67),
(1342,14,42,720.67),
(1343,14,43,720.67),
(1344,14,44,720.67),
(1345,14,45,720.67),
(1346,14,46,932.63),
(1347,14,47,932.63),
(1348,14,48,932.63),
(1349,14,49,932.63),
(1350,14,50,932.63),
(1351,14,51,1176.90),
(1352,14,52,1176.90),
(1353,14,53,1176.90),
(1354,14,54,1176.90),
(1355,14,55,1176.90),
(1356,14,56,1496.86),
(1357,14,57,1496.86),
(1358,14,58,1496.86),
(1359,14,59,1496.86),
(1360,14,60,1496.86),
(1361,14,61,1975.29),
(1362,14,62,1975.29),
(1363,14,63,1975.29),
(1364,14,64,1975.29),
(1365,14,65,1975.29),
(1366,14,66,2799.92),
(1367,14,67,2799.92),
(1368,14,68,2799.92),
(1369,14,69,2799.92),
(1370,14,70,2799.92),
(1371,14,71,3785.04),
(1372,14,72,3785.04),
(1373,14,73,3785.04),
(1374,14,74,4442.13),
(1375,14,75,4442.13),
(1376,14,76,4942.77),
(1377,14,77,4942.77),
(1378,14,78,4942.77),
(1379,14,79,5597.83),
(1380,14,80,5597.83),
(1381,14,81,6591.02),
(1382,14,82,6591.02),
(1383,14,83,6591.02),
(1384,14,84,7215.81),
(1385,14,85,7215.81),
(1386,14,86,7808.30),
(1387,14,87,7808.30),
(1388,14,88,7808.30),
(1389,14,89,8069.72),
(1390,14,90,8069.72),
(1391,14,91,8307.92),
(1392,14,92,8307.92),
(1393,14,93,8307.92),
(1394,14,94,8503.74),
(1395,14,95,8503.74),
(1396,14,96,8802.51),
(1397,14,97,8802.51),
(1398,14,98,8802.51),
(1399,14,99,9182.02),
(1400,14,100,9182.02),
(1401,15,1,86.80),
(1402,15,2,86.80),
(1403,15,3,86.80),
(1404,15,4,86.80),
(1405,15,5,86.80),
(1406,15,6,86.80),
(1407,15,7,86.80),
(1408,15,8,86.80),
(1409,15,9,86.80),
(1410,15,10,86.80),
(1411,15,11,86.80),
(1412,15,12,86.80),
(1413,15,13,86.80),
(1414,15,14,86.80),
(1415,15,15,86.80),
(1416,15,16,86.80),
(1417,15,17,86.80),
(1418,15,18,86.80),
(1419,15,19,86.80),
(1420,15,20,86.80),
(1421,15,21,99.92),
(1422,15,22,99.92),
(1423,15,23,99.92),
(1424,15,24,99.92),
(1425,15,25,99.92),
(1426,15,26,99.92),
(1427,15,27,99.92),
(1428,15,28,99.92),
(1429,15,29,99.92),
(1430,15,30,99.92),
(1431,15,31,169.57),
(1432,15,32,169.57),
(1433,15,33,169.57),
(1434,15,34,169.57),
(1435,15,35,169.57),
(1436,15,36,169.57),
(1437,15,37,169.57),
(1438,15,38,169.57),
(1439,15,39,169.57),
(1440,15,40,169.57),
(1441,15,41,314.92),
(1442,15,42,314.92),
(1443,15,43,314.92),
(1444,15,44,314.92),
(1445,15,45,314.92),
(1446,15,46,343.18),
(1447,15,47,343.18),
(1448,15,48,343.18),
(1449,15,49,343.18),
(1450,15,50,343.18),
(1451,15,51,472.37),
(1452,15,52,472.37),
(1453,15,53,472.37),
(1454,15,54,472.37),
(1455,15,55,472.37),
(1456,15,56,498.61),
(1457,15,57,498.61),
(1458,15,58,498.61),
(1459,15,59,498.61),
(1460,15,60,498.61),
(1461,15,61,780.22),
(1462,15,62,780.22),
(1463,15,63,780.22),
(1464,15,64,780.22),
(1465,15,65,780.22),
(1466,15,66,1230.39),
(1467,15,67,1230.39),
(1468,15,68,1230.39),
(1469,15,69,1230.39),
(1470,15,70,1230.39),
(1471,15,71,1822.88),
(1472,15,72,1822.88),
(1473,15,73,1822.88),
(1474,15,74,2126.69),
(1475,15,75,2126.69),
(1476,15,76,2761.57),
(1477,15,77,2761.57),
(1478,15,78,2761.57),
(1479,15,79,2995.74),
(1480,15,80,2995.74),
(1481,15,81,3758.80),
(1482,15,82,3758.80),
(1483,15,83,3758.80),
(1484,15,84,3821.39),
(1485,15,85,3821.39),
(1486,15,86,4547.10),
(1487,15,87,4547.10),
(1488,15,88,4547.10),
(1489,15,89,4657.12),
(1490,15,90,4657.12),
(1491,15,91,4700.53),
(1492,15,92,4700.53),
(1493,15,93,4700.53),
(1494,15,94,4817.61),
(1495,15,95,4817.61),
(1496,15,96,4939.74),
(1497,15,97,4939.74),
(1498,15,98,4939.74),
(1499,15,99,5064.90),
(1500,15,100,5064.90),
(1501,16,1,70.65),
(1502,16,2,70.65),
(1503,16,3,70.65),
(1504,16,4,70.65),
(1505,16,5,70.65),
(1506,16,6,70.65),
(1507,16,7,70.65),
(1508,16,8,70.65),
(1509,16,9,70.65),
(1510,16,10,70.65),
(1511,16,11,70.65),
(1512,16,12,70.65),
(1513,16,13,70.65),
(1514,16,14,70.65),
(1515,16,15,70.65),
(1516,16,16,70.65),
(1517,16,17,70.65),
(1518,16,18,70.65),
(1519,16,19,70.65),
(1520,16,20,70.65),
(1521,16,21,73.68),
(1522,16,22,73.68),
(1523,16,23,73.68),
(1524,16,24,73.68),
(1525,16,25,73.68),
(1526,16,26,73.68),
(1527,16,27,73.68),
(1528,16,28,73.68),
(1529,16,29,73.68),
(1530,16,30,73.68),
(1531,16,31,100.94),
(1532,16,32,100.94),
(1533,16,33,100.94),
(1534,16,34,100.94),
(1535,16,35,100.94),
(1536,16,36,100.94),
(1537,16,37,100.94),
(1538,16,38,100.94),
(1539,16,39,100.94),
(1540,16,40,100.94),
(1541,16,41,181.68),
(1542,16,42,181.68),
(1543,16,43,181.68),
(1544,16,44,181.68),
(1545,16,45,181.68),
(1546,16,46,197.83),
(1547,16,47,197.83),
(1548,16,48,197.83),
(1549,16,49,197.83),
(1550,16,50,197.83),
(1551,16,51,280.59),
(1552,16,52,280.59),
(1553,16,53,280.59),
(1554,16,54,280.59),
(1555,16,55,280.59),
(1556,16,56,288.67),
(1557,16,57,288.67),
(1558,16,58,288.67),
(1559,16,59,288.67),
(1560,16,60,288.67),
(1561,16,61,484.49),
(1562,16,62,484.49),
(1563,16,63,484.49),
(1564,16,64,484.49),
(1565,16,65,484.49),
(1566,16,66,725.72),
(1567,16,67,725.72),
(1568,16,68,725.72),
(1569,16,69,725.72),
(1570,16,70,725.72),
(1571,16,71,1161.76),
(1572,16,72,1161.76),
(1573,16,73,1161.76),
(1574,16,74,1353.53),
(1575,16,75,1353.53),
(1576,16,76,1929.87),
(1577,16,77,1929.87),
(1578,16,78,1929.87),
(1579,16,79,1941.98),
(1580,16,80,1941.98),
(1581,16,81,2573.83),
(1582,16,82,2573.83),
(1583,16,83,2573.83),
(1584,16,84,2595.02),
(1585,16,85,2595.02),
(1586,16,86,3048.22),
(1587,16,87,3048.22),
(1588,16,88,3048.22),
(1589,16,89,3176.41),
(1590,16,90,3176.41),
(1591,16,91,3438.84),
(1592,16,92,3438.84),
(1593,16,93,3438.84),
(1594,16,94,3580.15),
(1595,16,95,3580.15),
(1596,16,96,3723.47),
(1597,16,97,3723.47),
(1598,16,98,3723.47),
(1599,16,99,3870.84),
(1600,16,100,3870.84);
/*!40000 ALTER TABLE `planpremium` ENABLE KEYS */;
UNLOCK TABLES;

--
-- Table structure for table `proration`
--

DROP TABLE IF EXISTS `proration`;
/*!40101 SET @saved_cs_client     = @@character_set_client */;
/*!40101 SET character_set_client = utf8 */;
CREATE TABLE `proration` (
  `id` int(11) NOT NULL AUTO_INCREMENT,
  `plan_id` int(11) DEFAULT NULL,
  `ward_type` varchar(255) DEFAULT NULL,
  `amount` decimal(15,2) DEFAULT NULL,
  PRIMARY KEY (`id`),
  KEY `plan_id` (`plan_id`),
  CONSTRAINT `proration_ibfk_1` FOREIGN KEY (`plan_id`) REFERENCES `plan` (`id`)
) ENGINE=InnoDB AUTO_INCREMENT=21 DEFAULT CHARSET=latin1 COLLATE=latin1_swedish_ci;
/*!40101 SET character_set_client = @saved_cs_client */;

--
-- Dumping data for table `proration`
--

LOCK TABLES `proration` WRITE;
/*!40000 ALTER TABLE `proration` DISABLE KEYS */;
INSERT INTO `proration` VALUES
(1,2,'Private',0.70),
(2,3,'Private',0.50),
(3,3,'A',0.80),
(4,5,'Private',0.70),
(5,6,'Private',0.50),
(6,6,'A',0.80),
(7,6,'Non Subsidised Short Stay Ward',0.80),
(8,7,'Private',1.00),
(9,7,'A',1.00),
(10,7,'Non Subsidised Short Stay Ward',1.00),
(11,8,'Private',0.70),
(12,8,'A',1.00),
(13,8,'Non Subsidised Short Stay Ward',1.00),
(14,10,'A',0.65),
(15,11,'Private',0.50),
(16,11,'A',0.85),
(17,13,'Private',0.65),
(18,15,'Private',0.50),
(19,16,'Private',0.35),
(20,16,'A',0.85);
/*!40000 ALTER TABLE `proration` ENABLE KEYS */;
UNLOCK TABLES;

--
-- Table structure for table `rider`
--

DROP TABLE IF EXISTS `rider`;
/*!40101 SET @saved_cs_client     = @@character_set_client */;
/*!40101 SET character_set_client = utf8 */;
CREATE TABLE `rider` (
  `id` int(11) NOT NULL AUTO_INCREMENT,
  `plan_id` int(11) DEFAULT NULL,
  `name` varchar(255) DEFAULT NULL,
  `short_name` varchar(255) DEFAULT NULL,
  `deductible_coverage` decimal(15,2) DEFAULT NULL,
  `co_insurance_coverage` decimal(15,2) DEFAULT NULL,
  `co_payment_cap` decimal(15,2) DEFAULT NULL,
  PRIMARY KEY (`id`),
  KEY `plan_id` (`plan_id`),
  CONSTRAINT `rider_ibfk_1` FOREIGN KEY (`plan_id`) REFERENCES `plan` (`id`)
) ENGINE=InnoDB AUTO_INCREMENT=30 DEFAULT CHARSET=latin1 COLLATE=latin1_swedish_ci;
/*!40101 SET character_set_client = @saved_cs_client */;

--
-- Dumping data for table `rider`
--

LOCK TABLES `rider` WRITE;
/*!40000 ALTER TABLE `rider` DISABLE KEYS */;
INSERT INTO `rider` VALUES
(1,1,'AIA Max VitalHealth A','A',0.95,0.95,3000.00),
(2,1,'AIA Max VitalHealth A Value','A Value',0.95,0.95,3000.00),
(3,2,'AIA Max VitalHealth B','B',0.95,0.95,3000.00),
(4,3,'AIA Max VitalHealth B Lite','B Lite',0.95,0.95,3000.00),
(5,4,'GREAT TotalCare P','P',0.95,0.95,3000.00),
(6,5,'GREAT TotalCare A','A',0.95,0.95,3000.00),
(7,6,'GREAT TotalCare B','B',0.95,0.95,3000.00),
(8,4,'GREAT TotalCare P SELECT','P SELECT',0.95,0.95,3000.00),
(9,5,'GREAT TotalCare BASIC A','BASIC A',0.95,0.00,3000.00),
(10,6,'GREAT TotalCare BASIC B','BASIC B',0.95,0.00,3000.00),
(11,7,'HSBC Life Enhanced Care Plan A','Plan A',1.00,0.95,3000.00),
(12,8,'HSBC Life Enhanced Care Plan B','Plan B',1.00,0.95,3000.00),
(13,9,'Deluxe Care Rider (Preferred)','Deluxe Preferred',0.95,0.95,3000.00),
(14,9,'Classic Care Rider (Preferred)','Classic Preferred',0.90,0.90,3000.00),
(15,10,'Deluxe Care Rider (Advantage)','Deluxe Advantage',0.95,0.95,3000.00),
(16,10,'Classic Care Rider (Advantage)','Classic Advantage',0.90,0.90,3000.00),
(17,11,'Deluxe Care Rider (Basic)','Deluxe Basic',0.95,0.95,3000.00),
(18,11,'Classic Care Rider  (Basic)','Classic Basic',0.90,0.90,3000.00),
(19,12,'PRUExtra Premier CoPay','Premier',0.95,0.50,3000.00),
(20,12,'PRUExtra Preferred CoPay ','Preferred',0.95,0.50,3000.00),
(21,12,'PRUExtra Premier Lite CoPay','Premier Lite',0.50,0.50,3000.00),
(22,13,'PRUExtra Plus CoPay ','Plus',0.95,0.50,3000.00),
(23,13,'PRUExtra Plus Lite CoPay','Plus Lite',0.50,0.50,3000.00),
(24,14,'Private Lite','Private Lite',0.00,5.00,3000.00),
(25,15,'Public Lite 2','Public Lite 2',0.00,5.00,3000.00),
(26,16,'Public Lite 3','Public Lite 3',0.00,5.00,3000.00),
(27,14,'Private Prime','Private Prime',1.00,5.00,3000.00),
(28,15,'Public Prime 2','Public Prime 2',1.00,5.00,3000.00),
(29,16,'Public Prime 3','Public Prime 3',1.00,5.00,3000.00);
/*!40000 ALTER TABLE `rider` ENABLE KEYS */;
UNLOCK TABLES;

--
-- Table structure for table `riderbenefit`
--

DROP TABLE IF EXISTS `riderbenefit`;
/*!40101 SET @saved_cs_client     = @@character_set_client */;
/*!40101 SET character_set_client = utf8 */;
CREATE TABLE `riderbenefit` (
  `id` int(11) NOT NULL AUTO_INCREMENT,
  `name` varchar(255) DEFAULT NULL,
  PRIMARY KEY (`id`)
) ENGINE=InnoDB AUTO_INCREMENT=22 DEFAULT CHARSET=latin1 COLLATE=latin1_swedish_ci;
/*!40101 SET character_set_client = @saved_cs_client */;

--
-- Dumping data for table `riderbenefit`
--

LOCK TABLES `riderbenefit` WRITE;
/*!40000 ALTER TABLE `riderbenefit` DISABLE KEYS */;
INSERT INTO `riderbenefit` VALUES
(1,'Outpatient Cancer Drug Treatment on the Cancer Drug List'),
(2,'Outpatient Cancer Drug Treatment not on the Cancer Drug List'),
(3,'Outpatient Cancer Drug Services'),
(4,'Additional Cancer Support'),
(5,'Emergency Accidental Outpatient Treatment'),
(6,'Ambulance Services'),
(7,'Home Nursing Benefit'),
(8,'Alternative Medicine Benefit'),
(9,'Companion Accomodation Benefit'),
(10,'Annual Benefit Limit'),
(11,'Lifetime Benefit Limit'),
(12,'Medical Aids'),
(13,'Critical Illness Benefit'),
(14,'Critical Illness Benefit for kidney failure if kidney dialysis is recceived at Panel private dialysis centre'),
(15,'Critical Illness Benefit for kidney failure if kidney dialysis is recceived at Public Hospital'),
(16,'Critical Illness Benefit for kidney failure if kidney dialysis is recceived at Subsidised Centre'),
(17,'Accidental Cover for Child Benefit'),
(18,'Accomodation charges for parent/guardian of child life assured'),
(19,'Post-hospital follow-up TCM treatment'),
(20,'Ward Downgrade Benefit'),
(21,'Mental wellness benefit (after 10 months of continuous cover)');
/*!40000 ALTER TABLE `riderbenefit` ENABLE KEYS */;
UNLOCK TABLES;

--
-- Table structure for table `riderbenefitdetail`
--

DROP TABLE IF EXISTS `riderbenefitdetail`;
/*!40101 SET @saved_cs_client     = @@character_set_client */;
/*!40101 SET character_set_client = utf8 */;
CREATE TABLE `riderbenefitdetail` (
  `id` int(11) NOT NULL AUTO_INCREMENT,
  `detail` varchar(255) DEFAULT NULL,
  `rider_id` int(11) DEFAULT NULL,
  `rider_benefit_id` int(11) DEFAULT NULL,
  PRIMARY KEY (`id`),
  KEY `rider_id` (`rider_id`),
  KEY `rider_benefit_id` (`rider_benefit_id`),
  CONSTRAINT `riderbenefitdetail_ibfk_1` FOREIGN KEY (`rider_id`) REFERENCES `rider` (`id`),
  CONSTRAINT `riderbenefitdetail_ibfk_2` FOREIGN KEY (`rider_benefit_id`) REFERENCES `riderbenefit` (`id`)
) ENGINE=InnoDB AUTO_INCREMENT=210 DEFAULT CHARSET=latin1 COLLATE=latin1_swedish_ci;
/*!40101 SET character_set_client = @saved_cs_client */;

--
-- Dumping data for table `riderbenefitdetail`
--

LOCK TABLES `riderbenefitdetail` WRITE;
/*!40000 ALTER TABLE `riderbenefitdetail` DISABLE KEYS */;
INSERT INTO `riderbenefitdetail` VALUES
(1,'16x MediShield Life limit/mth, on top of the limit provided under AIA HealthShield Gold Max Series (Less 10% Co-insurance for every claim)',1,1),
(2,'200000/policy yr (Less 10% Co-insurnace for every claim)',1,2),
(3,'10x MediShield Life limit/policy yr, on top of the limit provided under AIA HealthShield Gold Max Series (Less 10% Con-insurance for every claim)',1,3),
(4,'2000/policy yr (less 5% of the charges incurred per claim)',1,5),
(5,'250 per confinement / per emergency outpatient treatment',1,6),
(6,'500/day, 5000/policy yr',1,7),
(7,'5000/policy yr',1,8),
(8,'Standard charges for an additional bed',1,9),
(9,'16x MediShield Life limit/mth, on top of the limit provided under AIA HealthShield Gold Max Series (Less 10% Co-insurance for every claim)',2,1),
(10,'200000/policy yr (Less 10% Co-insurnace for every claim)',2,2),
(11,'10x MediShield Life limit/policy yr, on top of the limit provided under AIA HealthShield Gold Max Series (Less 10% Con-insurance for every claim)',2,3),
(12,'2000/policy yr (less 5% of the charges incurred per claim)',2,5),
(13,'250 per confinement / per emergency outpatient treatment',2,6),
(14,'300/day, 3000/policy yr',2,7),
(15,'3000/policy yr',2,8),
(16,'Standard charges incurred for an additional bed up to 70/day',2,9),
(17,'16x MediShield Life limit/mth, on top of the limit provided under AIA HealthShield Gold Max Series (Less 10% Co-insurance for every claim)',3,1),
(18,'200000/policy yr (Less 10% Co-insurnace for every claim)',3,2),
(19,'10x MediShield Life limit/policy yr, on top of the limit provided under AIA HealthShield Gold Max Series (Less 10% Con-insurance for every claim)',3,3),
(20,'1000/policy yr (less 5% of the charges incurred per claim)',3,5),
(21,'150 per confinement / per emergency outpatient treatment',3,6),
(22,'300/day, 3000/policy yr',3,7),
(23,'3000/policy yr',3,8),
(24,'Standard charges for an additional bed (up to 70/day)',3,9),
(25,'16x MediShield Life limit/mth, on top of the limit provided under AIA HealthShield Gold Max Series (Less 10% Co-insurance for every claim)',4,1),
(26,'200000/policy yr (Less 10% Co-insurnace for every claim)',4,2),
(27,'10x MediShield Life limit/policy yr, on top of the limit provided under AIA HealthShield Gold Max Series (Less 10% Con-insurance for every claim)',4,3),
(28,'800/policy yr (less 5% of the charges incurred per claim)',4,5),
(29,'100 per confinement / per emergency outpatient treatment',4,6),
(30,'200/day, 2000/policy yr',4,7),
(31,'1000/policy yr',4,8),
(32,'Standard charges for an additional bed (up to 50/day)',4,9),
(33,'18x MediShield Life limit',5,1),
(34,'250000',5,2),
(35,'As Charged',5,3),
(36,'10000',5,4),
(37,'2000',5,5),
(38,'250',5,6),
(39,'10,000 (200 per day)',5,7),
(40,'6000',5,8),
(41,'80 per day',5,9),
(42,'400000',5,10),
(43,'Unlimited',5,11),
(44,'3000',5,12),
(45,'18x MediShield Life limit',6,1),
(46,'200000',6,2),
(47,'As Charged',6,3),
(48,'10000',6,4),
(49,'1500',6,5),
(50,'150',6,6),
(51,'8,000 (200 per day)',6,7),
(52,'5000',6,8),
(53,'60 per day',6,9),
(54,'200000',6,10),
(55,'Unlimited',6,11),
(56,'2000',6,12),
(57,'18x MediShield Life limit',7,1),
(58,'150000',7,2),
(59,'As Charged',7,3),
(60,'10000',7,4),
(61,'1000',7,5),
(62,'100',7,6),
(63,'6,000 (200 per day)',7,7),
(64,'4000',7,8),
(65,'40 per day',7,9),
(66,'150000',7,10),
(67,'Unlimited',7,11),
(68,'1500',7,12),
(69,'18x MediShield Life limit',8,1),
(70,'250000',8,2),
(71,'As Charged',8,3),
(72,'10000',8,4),
(73,'2000',8,5),
(74,'250',8,6),
(75,'10,000 (200 per day)',8,7),
(76,'6000',8,8),
(77,'80 per day',8,9),
(78,'400000',8,10),
(79,'Unlimited',8,11),
(80,'3000',8,12),
(81,'18x MediShield Life limit',9,1),
(82,'200000',9,2),
(83,'As Charged',9,3),
(84,'10000',9,4),
(85,'1500',9,5),
(86,'150',9,6),
(87,'8,000 (200 per day)',9,7),
(88,'5000',9,8),
(89,'60 per day',9,9),
(90,'200000',9,10),
(91,'Unlimited',9,11),
(92,'2000',9,12),
(93,'18x MediShield Life limit',10,1),
(94,'150000',10,2),
(95,'As Charged',10,3),
(96,'10000',10,4),
(97,'1000',10,5),
(98,'100',10,6),
(99,'6,000 (200 per day)',10,7),
(100,'4000',10,8),
(101,'40 per day',10,9),
(102,'150000',10,10),
(103,'Unlimited',10,11),
(104,'1500',10,12),
(105,'5 x MSHL limits',11,1),
(106,'5 x MSHL limits',11,2),
(107,'5 x MSHL limits',11,3),
(108,'Up to S$3,000 per policy year',11,5),
(109,'Up to S$200 per hospitalisation',11,6),
(110,'5 x MSHL limits',12,1),
(111,'5 x MSHL limits',12,2),
(112,'5 x MSHL limits',12,3),
(113,'Up to S$1,500 per policy year',12,5),
(114,'Up to S$100 per hospitalisation',12,6),
(115,'10x MSHL Limit',13,1),
(116,'15000',13,2),
(117,'8x MSHL Limit',14,1),
(118,'7000',14,2),
(119,'6x MSHL Limit',15,1),
(120,'6000',15,2),
(121,'10x MSHL Limit',16,1),
(122,'15000',16,2),
(123,'8x MSHL Limit',17,1),
(124,'7000',17,2),
(125,'6x MSHL Limit',18,1),
(126,'6000',18,2),
(127,'15x',19,1),
(128,'150000',19,2),
(129,'15x',19,3),
(130,'3000 per year',19,5),
(131,'250 per injury',19,6),
(132,'80 per day',19,9),
(133,'15x',20,1),
(134,'150000',20,2),
(135,'15x',20,3),
(136,'250 per injury',20,6),
(137,'15x',21,1),
(138,'150000',21,2),
(139,'15x',21,3),
(140,'250 per injury',21,6),
(141,'15x',22,1),
(142,'150001',22,2),
(143,'15x',22,3),
(144,'2000',22,5),
(145,'150 per injury',22,6),
(146,'60 per day',22,9),
(147,'15x',23,1),
(148,'150002',23,2),
(149,'15x',23,3),
(150,'150 per injury',23,6),
(151,'S$30,000 per policy year, subject to co-insurance',27,2),
(152,'S$80 per injury or illness',27,6),
(153,'S$10,000 per lifetime (only applies if the life assured has crossed his first birthday and is not older than 65 years old age next birthday)',27,13),
(154,'S$1,000 per lifetime',27,14),
(155,'S$3,000 per lifetime',27,15),
(156,'S$3,000 per lifetime',27,16),
(157,'S$1,000 per lifetime',27,17),
(158,'S$80 per day up to 10 days',27,18),
(159,'S$50 per visit up to 180 days after discharge (for inpatient admission due to an accident)',27,19),
(160,'S$100 per visit, maximum S$1,000 per policy year, subject to co-insurance',27,21),
(161,'S$30,000 per policy year, subject to co-insurance',24,2),
(162,'S$80 per injury or illness',24,6),
(163,'S$10,000 per lifetime (only applies if the life assured has crossed his first birthday and is not older than 65 years old age next birthday)',24,13),
(164,'S$1,000 per lifetime',24,14),
(165,'S$3,000 per lifetime',24,15),
(166,'S$3,000 per lifetime',24,16),
(167,'S$1,000 per lifetime',24,17),
(168,'S$80 per day up to 10 days',24,18),
(169,'S$50 per visit up to 180 days after discharge (for inpatient admission due to an accident)',24,19),
(170,'Covers 50% of Singlife Shield',24,20),
(171,'S$100 per visit, maximum S$1,000 per policy year, subject to co-insurance',24,21),
(172,'S$30,000 per policy year, subject to co-insurance',28,2),
(173,'S$80 per injury or illness',28,6),
(174,'S$10,000 per lifetime (only applies if the life assured has crossed his first birthday and is not older than 65 years old age next birthday)',28,13),
(175,'S$2,000 per lifetime',28,15),
(176,'S$2,000 per lifetime',28,16),
(177,'S$1,000 per lifetime',28,17),
(178,'S$80 per day up to 10 days',28,18),
(179,'S$50 per visit up to 180 days after discharge (for inpatient admission due to an accident)',28,19),
(180,'S$100 per visit, maximum S$1,000 per policy year, subject to co-insurance',28,21),
(181,'S$30,000 per policy year, subject to co-insurance',29,2),
(182,'S$80 per injury or illness',29,6),
(183,'S$10,000 per lifetime (only applies if the life assured has crossed his first birthday and is not older than 65 years old age next birthday)',29,13),
(184,'S$2,000 per lifetime',29,15),
(185,'S$2,000 per lifetime',29,16),
(186,'S$1,000 per lifetime',29,17),
(187,'S$80 per day up to 10 days',29,18),
(188,'S$50 per visit up to 180 days after discharge (for inpatient admission due to an accident)',29,19),
(189,'S$100 per visit, maximum S$1,000 per policy year, subject to co-insurance',29,21),
(190,'S$30,000 per policy year, subject to co-insurance',25,2),
(191,'S$80 per injury or illness',25,6),
(192,'S$10,000 per lifetime (only applies if the life assured has crossed his first birthday and is not older than 65 years old age next birthday)',25,13),
(193,'S$2,000 per lifetime',25,15),
(194,'S$2,000 per lifetime',25,16),
(195,'S$1,000 per lifetime',25,17),
(196,'S$80 per day up to 10 days',25,18),
(197,'S$50 per visit up to 180 days after discharge (for inpatient admission due to an accident)',25,19),
(198,'Covers 50% of Singlife Shield',25,20),
(199,'S$100 per visit, maximum S$1,000 per policy year, subject to co-insurance',25,21),
(200,'S$30,000 per policy year, subject to co-insurance',26,2),
(201,'S$80 per injury or illness',26,6),
(202,'S$10,000 per lifetime (only applies if the life assured has crossed his first birthday and is not older than 65 years old age next birthday)',26,13),
(203,'S$2,000 per lifetime',26,15),
(204,'S$2,000 per lifetime',26,16),
(205,'S$1,000 per lifetime',26,17),
(206,'S$80 per day up to 10 days',26,18),
(207,'S$50 per visit up to 180 days after discharge (for inpatient admission due to an accident)',26,19),
(208,'Covers 50% of Singlife Shield',26,20),
(209,'S$100 per visit, maximum S$1,000 per policy year, subject to co-insurance',26,21);
/*!40000 ALTER TABLE `riderbenefitdetail` ENABLE KEYS */;
UNLOCK TABLES;

--
-- Table structure for table `riderpremium`
--

DROP TABLE IF EXISTS `riderpremium`;
/*!40101 SET @saved_cs_client     = @@character_set_client */;
/*!40101 SET character_set_client = utf8 */;
CREATE TABLE `riderpremium` (
  `id` int(11) NOT NULL AUTO_INCREMENT,
  `rider_id` int(11) DEFAULT NULL,
  `age` int(11) DEFAULT NULL,
  `amount` decimal(15,2) DEFAULT NULL,
  PRIMARY KEY (`id`),
  KEY `rider_id` (`rider_id`),
  CONSTRAINT `riderpremium_ibfk_1` FOREIGN KEY (`rider_id`) REFERENCES `rider` (`id`)
) ENGINE=InnoDB AUTO_INCREMENT=2901 DEFAULT CHARSET=latin1 COLLATE=latin1_swedish_ci;
/*!40101 SET character_set_client = @saved_cs_client */;

--
-- Dumping data for table `riderpremium`
--

LOCK TABLES `riderpremium` WRITE;
/*!40000 ALTER TABLE `riderpremium` DISABLE KEYS */;
INSERT INTO `riderpremium` VALUES
(1,1,1,687.96),
(2,1,2,687.96),
(3,1,3,687.96),
(4,1,4,687.96),
(5,1,5,687.96),
(6,1,6,687.96),
(7,1,7,687.96),
(8,1,8,687.96),
(9,1,9,687.96),
(10,1,10,687.96),
(11,1,11,687.96),
(12,1,12,687.96),
(13,1,13,687.96),
(14,1,14,687.96),
(15,1,15,687.96),
(16,1,16,687.96),
(17,1,17,687.96),
(18,1,18,687.96),
(19,1,19,687.96),
(20,1,20,687.96),
(21,1,21,687.96),
(22,1,22,687.96),
(23,1,23,687.96),
(24,1,24,687.96),
(25,1,25,687.96),
(26,1,26,687.96),
(27,1,27,687.96),
(28,1,28,687.96),
(29,1,29,687.96),
(30,1,30,687.96),
(31,1,31,762.47),
(32,1,32,762.47),
(33,1,33,762.47),
(34,1,34,762.47),
(35,1,35,762.47),
(36,1,36,762.47),
(37,1,37,762.47),
(38,1,38,762.47),
(39,1,39,762.47),
(40,1,40,762.47),
(41,1,41,942.83),
(42,1,42,942.83),
(43,1,43,942.83),
(44,1,44,942.83),
(45,1,45,942.83),
(46,1,46,1063.79),
(47,1,47,1063.79),
(48,1,48,1063.79),
(49,1,49,1063.79),
(50,1,50,1063.79),
(51,1,51,1514.16),
(52,1,52,1514.16),
(53,1,53,1514.16),
(54,1,54,1514.16),
(55,1,55,1514.16),
(56,1,56,1949.39),
(57,1,57,1949.39),
(58,1,58,1949.39),
(59,1,59,1949.39),
(60,1,60,1949.39),
(61,1,61,2625.47),
(62,1,62,2625.47),
(63,1,63,2625.47),
(64,1,64,2625.47),
(65,1,65,2625.47),
(66,1,66,3581.28),
(67,1,67,3581.28),
(68,1,68,3581.28),
(69,1,69,3581.28),
(70,1,70,3581.28),
(71,1,71,4269.24),
(72,1,72,4269.24),
(73,1,73,4269.24),
(74,1,74,4804.91),
(75,1,75,4804.91),
(76,1,76,5139.71),
(77,1,77,5139.71),
(78,1,78,5139.71),
(79,1,79,5551.19),
(80,1,80,5551.19),
(81,1,81,5884.91),
(82,1,82,5884.91),
(83,1,83,5884.91),
(84,1,84,6243.47),
(85,1,85,6243.47),
(86,1,86,6620.39),
(87,1,87,6620.39),
(88,1,88,6620.39),
(89,1,89,7021.07),
(90,1,90,7021.07),
(91,1,91,7255.43),
(92,1,92,7255.43),
(93,1,93,7255.43),
(94,1,94,7496.27),
(95,1,95,7496.27),
(96,1,96,7746.83),
(97,1,97,7746.83),
(98,1,98,7746.83),
(99,1,99,8006.04),
(100,1,100,8006.04),
(101,2,1,343.17),
(102,2,2,343.17),
(103,2,3,343.17),
(104,2,4,343.17),
(105,2,5,343.17),
(106,2,6,343.17),
(107,2,7,343.17),
(108,2,8,343.17),
(109,2,9,343.17),
(110,2,10,343.17),
(111,2,11,343.17),
(112,2,12,343.17),
(113,2,13,343.17),
(114,2,14,343.17),
(115,2,15,343.17),
(116,2,16,311.88),
(117,2,17,311.88),
(118,2,18,311.88),
(119,2,19,311.88),
(120,2,20,311.88),
(121,2,21,311.88),
(122,2,22,311.88),
(123,2,23,311.88),
(124,2,24,311.88),
(125,2,25,311.88),
(126,2,26,311.88),
(127,2,27,311.88),
(128,2,28,311.88),
(129,2,29,311.88),
(130,2,30,311.88),
(131,2,31,348.22),
(132,2,32,348.22),
(133,2,33,348.22),
(134,2,34,348.22),
(135,2,35,348.22),
(136,2,36,348.22),
(137,2,37,348.22),
(138,2,38,348.22),
(139,2,39,348.22),
(140,2,40,348.22),
(141,2,41,430.99),
(142,2,42,430.99),
(143,2,43,430.99),
(144,2,44,430.99),
(145,2,45,430.99),
(146,2,46,430.99),
(147,2,47,430.99),
(148,2,48,430.99),
(149,2,49,430.99),
(150,2,50,430.99),
(151,2,51,541.00),
(152,2,52,541.00),
(153,2,53,541.00),
(154,2,54,541.00),
(155,2,55,541.00),
(156,2,56,693.42),
(157,2,57,693.42),
(158,2,58,693.42),
(159,2,59,693.42),
(160,2,60,693.42),
(161,2,61,965.94),
(162,2,62,965.94),
(163,2,63,965.94),
(164,2,64,965.94),
(165,2,65,965.94),
(166,2,66,1298.01),
(167,2,67,1298.01),
(168,2,68,1298.01),
(169,2,69,1298.01),
(170,2,70,1298.01),
(171,2,71,1714.87),
(172,2,72,1714.87),
(173,2,73,1714.87),
(174,2,74,2069.15),
(175,2,75,2069.15),
(176,2,76,2422.42),
(177,2,77,2422.42),
(178,2,78,2422.42),
(179,2,79,2616.22),
(180,2,80,2616.22),
(181,2,81,2773.68),
(182,2,82,2773.68),
(183,2,83,2773.68),
(184,2,84,2943.25),
(185,2,85,2943.25),
(186,2,86,3120.89),
(187,2,87,3120.89),
(188,2,88,3120.89),
(189,2,89,3309.64),
(190,2,90,3309.64),
(191,2,91,3419.66),
(192,2,92,3419.66),
(193,2,93,3419.66),
(194,2,94,3533.71),
(195,2,95,3533.71),
(196,2,96,3651.81),
(197,2,97,3651.81),
(198,2,98,3651.81),
(199,2,99,3773.94),
(200,2,100,3773.94),
(201,3,1,195.81),
(202,3,2,195.81),
(203,3,3,195.81),
(204,3,4,195.81),
(205,3,5,195.81),
(206,3,6,195.81),
(207,3,7,195.81),
(208,3,8,195.81),
(209,3,9,195.81),
(210,3,10,195.81),
(211,3,11,195.81),
(212,3,12,195.81),
(213,3,13,195.81),
(214,3,14,195.81),
(215,3,15,195.81),
(216,3,16,195.81),
(217,3,17,195.81),
(218,3,18,195.81),
(219,3,19,195.81),
(220,3,20,195.81),
(221,3,21,213.98),
(222,3,22,213.98),
(223,3,23,213.98),
(224,3,24,213.98),
(225,3,25,213.98),
(226,3,26,213.98),
(227,3,27,213.98),
(228,3,28,213.98),
(229,3,29,213.98),
(230,3,30,213.98),
(231,3,31,236.18),
(232,3,32,236.18),
(233,3,33,236.18),
(234,3,34,236.18),
(235,3,35,236.18),
(236,3,36,236.18),
(237,3,37,236.18),
(238,3,38,236.18),
(239,3,39,236.18),
(240,3,40,236.18),
(241,3,41,336.11),
(242,3,42,336.11),
(243,3,43,336.11),
(244,3,44,336.11),
(245,3,45,336.11),
(246,3,46,336.11),
(247,3,47,336.11),
(248,3,48,336.11),
(249,3,49,336.11),
(250,3,50,336.11),
(251,3,51,436.03),
(252,3,52,436.03),
(253,3,53,436.03),
(254,3,54,436.03),
(255,3,55,436.03),
(256,3,56,631.85),
(257,3,57,631.85),
(258,3,58,631.85),
(259,3,59,631.85),
(260,3,60,631.85),
(261,3,61,913.45),
(262,3,62,913.45),
(263,3,63,913.45),
(264,3,64,913.45),
(265,3,65,913.45),
(266,3,66,1507.96),
(267,3,67,1507.96),
(268,3,68,1507.96),
(269,3,69,1507.96),
(270,3,70,1507.96),
(271,3,71,1971.25),
(272,3,72,1971.25),
(273,3,73,1971.25),
(274,3,74,2003.55),
(275,3,75,2003.55),
(276,3,76,2048.97),
(277,3,77,2048.97),
(278,3,78,2048.97),
(279,3,79,2048.97),
(280,3,80,2048.97),
(281,3,81,2380.03),
(282,3,82,2380.03),
(283,3,83,2380.03),
(284,3,84,2588.97),
(285,3,85,2588.97),
(286,3,86,2743.40),
(287,3,87,2743.40),
(288,3,88,2743.40),
(289,3,89,2797.90),
(290,3,90,2797.90),
(291,3,91,3006.84),
(292,3,92,3006.84),
(293,3,93,3006.84),
(294,3,94,3215.77),
(295,3,95,3215.77),
(296,3,96,3524.63),
(297,3,97,3524.63),
(298,3,98,3524.63),
(299,3,99,3733.57),
(300,3,100,3733.57),
(301,4,1,127.17),
(302,4,2,127.17),
(303,4,3,127.17),
(304,4,4,127.17),
(305,4,5,127.17),
(306,4,6,127.17),
(307,4,7,127.17),
(308,4,8,127.17),
(309,4,9,127.17),
(310,4,10,127.17),
(311,4,11,127.17),
(312,4,12,127.17),
(313,4,13,127.17),
(314,4,14,127.17),
(315,4,15,127.17),
(316,4,16,127.17),
(317,4,17,127.17),
(318,4,18,127.17),
(319,4,19,127.17),
(320,4,20,127.17),
(321,4,21,145.34),
(322,4,22,145.34),
(323,4,23,145.34),
(324,4,24,145.34),
(325,4,25,145.34),
(326,4,26,145.34),
(327,4,27,145.34),
(328,4,28,145.34),
(329,4,29,145.34),
(330,4,30,145.34),
(331,4,31,181.68),
(332,4,32,181.68),
(333,4,33,181.68),
(334,4,34,181.68),
(335,4,35,181.68),
(336,4,36,181.68),
(337,4,37,181.68),
(338,4,38,181.68),
(339,4,39,181.68),
(340,4,40,181.68),
(341,4,41,268.48),
(342,4,42,268.48),
(343,4,43,268.48),
(344,4,44,268.48),
(345,4,45,268.48),
(346,4,46,268.48),
(347,4,47,268.48),
(348,4,48,268.48),
(349,4,49,268.48),
(350,4,50,268.48),
(351,4,51,290.69),
(352,4,52,290.69),
(353,4,53,290.69),
(354,4,54,290.69),
(355,4,55,290.69),
(356,4,56,399.70),
(357,4,57,399.70),
(358,4,58,399.70),
(359,4,59,399.70),
(360,4,60,399.70),
(361,4,61,681.30),
(362,4,62,681.30),
(363,4,63,681.30),
(364,4,64,681.30),
(365,4,65,681.30),
(366,4,66,1022.46),
(367,4,67,1022.46),
(368,4,68,1022.46),
(369,4,69,1022.46),
(370,4,70,1022.46),
(371,4,71,1090.09),
(372,4,72,1090.09),
(373,4,73,1090.09),
(374,4,74,1090.09),
(375,4,75,1090.09),
(376,4,76,1135.51),
(377,4,77,1135.51),
(378,4,78,1135.51),
(379,4,79,1135.51),
(380,4,80,1135.51),
(381,4,81,1190.01),
(382,4,82,1190.01),
(383,4,83,1190.01),
(384,4,84,1453.45),
(385,4,85,1453.45),
(386,4,86,1453.45),
(387,4,87,1453.45),
(388,4,88,1453.45),
(389,4,89,1589.71),
(390,4,90,1589.71),
(391,4,91,1667.43),
(392,4,92,1667.43),
(393,4,93,1667.43),
(394,4,94,1725.98),
(395,4,95,1725.98),
(396,4,96,1907.66),
(397,4,97,1907.66),
(398,4,98,1907.66),
(399,4,99,2089.34),
(400,4,100,2089.34),
(401,5,1,922.44),
(402,5,2,922.44),
(403,5,3,913.26),
(404,5,4,913.26),
(405,5,5,883.07),
(406,5,6,903.48),
(407,5,7,871.58),
(408,5,8,842.42),
(409,5,9,809.11),
(410,5,10,778.58),
(411,5,11,741.12),
(412,5,12,745.28),
(413,5,13,746.66),
(414,5,14,746.66),
(415,5,15,746.66),
(416,5,16,752.21),
(417,5,17,752.21),
(418,5,18,752.21),
(419,5,19,752.21),
(420,5,20,752.21),
(421,5,21,829.94),
(422,5,22,831.32),
(423,5,23,834.09),
(424,5,24,834.09),
(425,5,25,834.09),
(426,5,26,834.09),
(427,5,27,846.58),
(428,5,28,860.47),
(429,5,29,871.58),
(430,5,30,837.15),
(431,5,31,884.39),
(432,5,32,897.51),
(433,5,33,909.32),
(434,5,34,922.44),
(435,5,35,934.25),
(436,5,36,947.38),
(437,5,37,959.18),
(438,5,38,972.30),
(439,5,39,985.42),
(440,5,40,997.23),
(441,5,41,1316.08),
(442,5,42,1334.46),
(443,5,43,1464.36),
(444,5,44,1506.35),
(445,5,45,1506.35),
(446,5,46,1593.26),
(447,5,47,1593.26),
(448,5,48,1593.26),
(449,5,49,1593.26),
(450,5,50,1593.26),
(451,5,51,2091.48),
(452,5,52,2103.98),
(453,5,53,2151.18),
(454,5,54,2313.54),
(455,5,55,2370.45),
(456,5,56,2874.24),
(457,5,57,2893.68),
(458,5,58,2903.39),
(459,5,59,3203.16),
(460,5,60,3323.91),
(461,5,61,4080.27),
(462,5,62,4151.07),
(463,5,63,4452.22),
(464,5,64,4638.19),
(465,5,65,4638.19),
(466,5,66,5656.89),
(467,5,67,6039.92),
(468,5,68,6422.97),
(469,5,69,6470.16),
(470,5,70,6518.74),
(471,5,71,7112.74),
(472,5,72,7162.69),
(473,5,73,7461.08),
(474,5,74,7826.08),
(475,5,75,8152.24),
(476,5,76,8490.87),
(477,5,77,8822.56),
(478,5,78,9150.09),
(479,5,79,9477.63),
(480,5,80,9785.74),
(481,5,81,10095.22),
(482,5,82,10401.93),
(483,5,83,10486.59),
(484,5,84,10572.65),
(485,5,85,10965.40),
(486,5,86,11359.55),
(487,5,87,11752.32),
(488,5,88,12039.61),
(489,5,89,12326.88),
(490,5,90,12425.42),
(491,5,91,12521.20),
(492,5,92,12616.95),
(493,5,93,12808.47),
(494,5,94,12997.23),
(495,5,95,13127.68),
(496,5,96,13258.14),
(497,5,97,13388.60),
(498,5,98,13585.68),
(499,5,99,13778.58),
(500,5,100,13974.27),
(501,6,1,212.98),
(502,6,2,212.98),
(503,6,3,212.98),
(504,6,4,150.39),
(505,6,5,149.39),
(506,6,6,148.37),
(507,6,7,146.35),
(508,6,8,145.35),
(509,6,9,143.33),
(510,6,10,142.32),
(511,6,11,141.31),
(512,6,12,140.30),
(513,6,13,138.28),
(514,6,14,138.28),
(515,6,15,139.29),
(516,6,16,139.29),
(517,6,17,139.29),
(518,6,18,141.31),
(519,6,19,142.32),
(520,6,20,143.33),
(521,6,21,145.35),
(522,6,22,146.35),
(523,6,23,147.37),
(524,6,24,148.37),
(525,6,25,149.39),
(526,6,26,153.42),
(527,6,27,158.47),
(528,6,28,163.51),
(529,6,29,169.57),
(530,6,30,174.61),
(531,6,31,180.67),
(532,6,32,186.73),
(533,6,33,194.80),
(534,6,34,204.90),
(535,6,35,212.98),
(536,6,36,222.06),
(537,6,37,232.15),
(538,6,38,233.16),
(539,6,39,234.17),
(540,6,40,236.19),
(541,6,41,277.57),
(542,6,42,289.68),
(543,6,43,302.80),
(544,6,44,315.92),
(545,6,45,329.04),
(546,6,46,344.19),
(547,6,47,361.35),
(548,6,48,379.51),
(549,6,49,398.69),
(550,6,50,401.72),
(551,6,51,441.08),
(552,6,52,465.31),
(553,6,53,496.59),
(554,6,54,528.90),
(555,6,55,564.22),
(556,6,56,601.57),
(557,6,57,640.94),
(558,6,58,685.35),
(559,6,59,729.76),
(560,6,60,780.22),
(561,6,61,831.70),
(562,6,62,886.20),
(563,6,63,941.72),
(564,6,64,1002.28),
(565,6,65,1064.86),
(566,6,66,1129.45),
(567,6,67,1196.08),
(568,6,68,1263.70),
(569,6,69,1333.35),
(570,6,70,1401.98),
(571,6,71,1473.65),
(572,6,72,1550.35),
(573,6,73,1627.06),
(574,6,74,1705.80),
(575,6,75,1782.51),
(576,6,76,1855.18),
(577,6,77,1930.88),
(578,6,78,2007.59),
(579,6,79,2083.29),
(580,6,80,2157.98),
(581,6,81,2232.67),
(582,6,82,2313.42),
(583,6,83,2387.10),
(584,6,84,2458.77),
(585,6,85,2527.41),
(586,6,86,2591.00),
(587,6,87,2655.59),
(588,6,88,2718.17),
(589,6,89,2777.72),
(590,6,90,2830.20),
(591,6,91,2878.65),
(592,6,92,2922.06),
(593,6,93,2962.43),
(594,6,94,2999.78),
(595,6,95,3031.06),
(596,6,96,3057.31),
(597,6,97,3079.51),
(598,6,98,3094.65),
(599,6,99,3105.76),
(600,6,100,3105.76),
(601,7,1,146.35),
(602,7,2,146.35),
(603,7,3,146.35),
(604,7,4,125.16),
(605,7,5,123.14),
(606,7,6,122.13),
(607,7,7,100.94),
(608,7,8,99.92),
(609,7,9,98.92),
(610,7,10,98.92),
(611,7,11,97.90),
(612,7,12,96.90),
(613,7,13,96.90),
(614,7,14,96.90),
(615,7,15,96.90),
(616,7,16,96.90),
(617,7,17,96.90),
(618,7,18,97.90),
(619,7,19,98.92),
(620,7,20,99.92),
(621,7,21,100.94),
(622,7,22,100.94),
(623,7,23,101.94),
(624,7,24,102.96),
(625,7,25,102.96),
(626,7,26,105.98),
(627,7,27,109.00),
(628,7,28,113.04),
(629,7,29,116.08),
(630,7,30,121.12),
(631,7,31,124.15),
(632,7,32,129.20),
(633,7,33,134.24),
(634,7,34,140.30),
(635,7,35,146.35),
(636,7,36,153.42),
(637,7,37,160.49),
(638,7,38,160.49),
(639,7,39,161.49),
(640,7,40,162.51),
(641,7,41,191.78),
(642,7,42,199.85),
(643,7,43,208.94),
(644,7,44,218.02),
(645,7,45,227.10),
(646,7,46,237.20),
(647,7,47,249.31),
(648,7,48,261.42),
(649,7,49,275.55),
(650,7,50,277.57),
(651,7,51,303.81),
(652,7,52,320.98),
(653,7,53,342.17),
(654,7,54,365.39),
(655,7,55,388.59),
(656,7,56,414.84),
(657,7,57,442.10),
(658,7,58,471.37),
(659,7,59,504.67),
(660,7,60,536.98),
(661,7,61,573.31),
(662,7,62,610.65),
(663,7,63,649.00),
(664,7,64,690.39),
(665,7,65,733.80),
(666,7,66,778.20),
(667,7,67,823.63),
(668,7,68,871.06),
(669,7,69,918.51),
(670,7,70,965.94),
(671,7,71,1015.41),
(672,7,72,1068.90),
(673,7,73,1121.39),
(674,7,74,1174.88),
(675,7,75,1228.37),
(676,7,76,1278.84),
(677,7,77,1330.32),
(678,7,78,1382.80),
(679,7,79,1435.29),
(680,7,80,1486.77),
(681,7,81,1538.24),
(682,7,82,1593.76),
(683,7,83,1644.22),
(684,7,84,1693.68),
(685,7,85,1741.12),
(686,7,86,1784.53),
(687,7,87,1829.94),
(688,7,88,1870.32),
(689,7,89,1913.72),
(690,7,90,1950.06),
(691,7,91,1983.37),
(692,7,92,2012.63),
(693,7,93,2040.90),
(694,7,94,2066.13),
(695,7,95,2086.32),
(696,7,96,2106.51),
(697,7,97,2120.63),
(698,7,98,2132.75),
(699,7,99,2139.81),
(700,7,100,2139.81),
(701,8,1,346.24),
(702,8,2,341.57),
(703,8,3,336.91),
(704,8,4,331.08),
(705,8,5,321.75),
(706,8,6,330.29),
(707,8,7,322.97),
(708,8,8,314.44),
(709,8,9,309.57),
(710,8,10,308.35),
(711,8,11,303.48),
(712,8,12,299.83),
(713,8,13,297.39),
(714,8,14,297.39),
(715,8,15,296.16),
(716,8,16,294.95),
(717,8,17,293.73),
(718,8,18,297.39),
(719,8,19,299.83),
(720,8,20,303.48),
(721,8,21,305.92),
(722,8,22,305.92),
(723,8,23,305.92),
(724,8,24,307.13),
(725,8,25,307.13),
(726,8,26,312.00),
(727,8,27,320.53),
(728,8,28,329.08),
(729,8,29,338.82),
(730,8,30,344.92),
(731,8,31,342.75),
(732,8,32,361.40),
(733,8,33,370.73),
(734,8,34,381.22),
(735,8,35,390.54),
(736,8,36,402.20),
(737,8,37,419.69),
(738,8,38,436.01),
(739,8,39,453.49),
(740,8,40,470.98),
(741,8,41,486.14),
(742,8,42,507.11),
(743,8,43,530.43),
(744,8,44,552.58),
(745,8,45,578.23),
(746,8,46,630.12),
(747,8,47,660.58),
(748,8,48,697.15),
(749,8,49,730.05),
(750,8,50,732.49),
(751,8,51,804.39),
(752,8,52,848.28),
(753,8,53,899.47),
(754,8,54,951.88),
(755,8,55,1009.15),
(756,8,56,1068.88),
(757,8,57,1132.25),
(758,8,58,1202.94),
(759,8,59,1274.85),
(760,8,60,1352.85),
(761,8,61,1435.72),
(762,8,62,1522.26),
(763,8,63,1610.02),
(764,8,64,1701.42),
(765,8,65,1800.14),
(766,8,66,1900.09),
(767,8,67,2003.68),
(768,8,68,2106.05),
(769,8,69,2209.66),
(770,8,70,2316.91),
(771,8,71,2425.38),
(772,8,72,2541.16),
(773,8,73,2659.38),
(774,8,74,2775.18),
(775,8,75,2893.40),
(776,8,76,3028.68),
(777,8,77,3167.62),
(778,8,78,3311.43),
(779,8,79,3454.03),
(780,8,80,3595.42),
(781,8,81,3735.58),
(782,8,82,3887.92),
(783,8,83,4026.87),
(784,8,84,4165.81),
(785,8,85,4296.22),
(786,8,86,4420.54),
(787,8,87,4543.62),
(788,8,88,4663.07),
(789,8,89,4776.42),
(790,8,90,4878.79),
(791,8,91,4968.98),
(792,8,92,5053.08),
(793,8,93,5128.65),
(794,8,94,5198.12),
(795,8,95,5255.41),
(796,8,96,5301.71),
(797,8,97,5340.72),
(798,8,98,5366.30),
(799,8,99,5382.15),
(800,8,100,5376.06),
(801,9,1,58.55),
(802,9,2,58.55),
(803,9,3,58.55),
(804,9,4,57.53),
(805,9,5,57.53),
(806,9,6,56.53),
(807,9,7,56.53),
(808,9,8,55.51),
(809,9,9,55.51),
(810,9,10,54.51),
(811,9,11,54.51),
(812,9,12,53.49),
(813,9,13,53.49),
(814,9,14,53.49),
(815,9,15,53.49),
(816,9,16,53.49),
(817,9,17,53.49),
(818,9,18,54.51),
(819,9,19,55.51),
(820,9,20,55.51),
(821,9,21,56.53),
(822,9,22,56.53),
(823,9,23,56.53),
(824,9,24,57.53),
(825,9,25,57.53),
(826,9,26,58.55),
(827,9,27,59.55),
(828,9,28,62.58),
(829,9,29,64.59),
(830,9,30,66.61),
(831,9,31,69.65),
(832,9,32,72.67),
(833,9,33,74.69),
(834,9,34,77.72),
(835,9,35,81.76),
(836,9,36,85.80),
(837,9,37,88.82),
(838,9,38,89.83),
(839,9,39,89.83),
(840,9,40,90.84),
(841,9,41,107.00),
(842,9,42,111.02),
(843,9,43,116.08),
(844,9,44,121.12),
(845,9,45,126.17),
(846,9,46,132.22),
(847,9,47,138.28),
(848,9,48,145.35),
(849,9,49,152.41),
(850,9,50,153.42),
(851,9,51,169.57),
(852,9,52,177.65),
(853,9,53,189.76),
(854,9,54,201.87),
(855,9,55,216.00),
(856,9,56,230.13),
(857,9,57,244.26),
(858,9,58,261.42),
(859,9,59,278.58),
(860,9,60,297.76),
(861,9,61,317.94),
(862,9,62,338.13),
(863,9,63,359.33),
(864,9,64,382.55),
(865,9,65,406.77),
(866,9,66,431.00),
(867,9,67,456.22),
(868,9,68,482.47),
(869,9,69,508.71),
(870,9,70,534.96),
(871,9,71,562.20),
(872,9,72,591.47),
(873,9,73,620.75),
(874,9,74,650.02),
(875,9,75,680.30),
(876,9,76,707.55),
(877,9,77,735.81),
(878,9,78,765.08),
(879,9,79,794.35),
(880,9,80,822.61),
(881,9,81,850.88),
(882,9,82,882.17),
(883,9,83,910.43),
(884,9,84,937.68),
(885,9,85,963.92),
(886,9,86,988.15),
(887,9,87,1012.37),
(888,9,88,1036.59),
(889,9,89,1058.80),
(890,9,90,1079.00),
(891,9,91,1097.16),
(892,9,92,1114.32),
(893,9,93,1129.45),
(894,9,94,1143.59),
(895,9,95,1155.70),
(896,9,96,1165.80),
(897,9,97,1173.87),
(898,9,98,1179.92),
(899,9,99,1183.96),
(900,9,100,1183.96),
(901,10,1,48.45),
(902,10,2,48.45),
(903,10,3,48.45),
(904,10,4,48.45),
(905,10,5,46.43),
(906,10,6,46.43),
(907,10,7,46.43),
(908,10,8,46.43),
(909,10,9,45.42),
(910,10,10,45.42),
(911,10,11,45.42),
(912,10,12,44.41),
(913,10,13,44.41),
(914,10,14,44.41),
(915,10,15,44.41),
(916,10,16,44.41),
(917,10,17,44.41),
(918,10,18,45.42),
(919,10,19,45.42),
(920,10,20,46.43),
(921,10,21,46.43),
(922,10,22,46.43),
(923,10,23,48.45),
(924,10,24,48.45),
(925,10,25,48.45),
(926,10,26,48.45),
(927,10,27,50.47),
(928,10,28,52.49),
(929,10,29,53.49),
(930,10,30,55.51),
(931,10,31,57.53),
(932,10,32,59.55),
(933,10,33,61.57),
(934,10,34,64.59),
(935,10,35,67.63),
(936,10,36,70.65),
(937,10,37,73.68),
(938,10,38,73.68),
(939,10,39,74.69),
(940,10,40,74.69),
(941,10,41,87.81),
(942,10,42,91.85),
(943,10,43,96.90),
(944,10,44,99.92),
(945,10,45,103.96),
(946,10,46,109.00),
(947,10,47,114.06),
(948,10,48,121.12),
(949,10,49,126.17),
(950,10,50,127.18),
(951,10,51,139.29),
(952,10,52,147.37),
(953,10,53,156.45),
(954,10,54,167.55),
(955,10,55,177.65),
(956,10,56,189.76),
(957,10,57,201.87),
(958,10,58,216.00),
(959,10,59,230.13),
(960,10,60,245.27),
(961,10,61,262.43),
(962,10,62,279.59),
(963,10,63,296.75),
(964,10,64,315.92),
(965,10,65,335.10),
(966,10,66,355.29),
(967,10,67,376.49),
(968,10,68,397.68),
(969,10,69,420.90),
(970,10,70,441.08),
(971,10,71,464.30),
(972,10,72,488.53),
(973,10,73,512.75),
(974,10,74,536.98),
(975,10,75,561.20),
(976,10,76,584.41),
(977,10,77,607.63),
(978,10,78,631.85),
(979,10,79,656.08),
(980,10,80,679.29),
(981,10,81,702.51),
(982,10,82,727.74),
(983,10,83,750.96),
(984,10,84,773.16),
(985,10,85,795.37),
(986,10,86,815.55),
(987,10,87,835.74),
(988,10,88,854.92),
(989,10,89,874.10),
(990,10,90,890.24),
(991,10,91,905.39),
(992,10,92,919.51),
(993,10,93,931.63),
(994,10,94,943.74),
(995,10,95,953.83),
(996,10,96,961.90),
(997,10,97,968.98),
(998,10,98,974.02),
(999,10,99,977.04),
(1000,10,100,977.04),
(1001,11,1,444.10),
(1002,11,2,444.10),
(1003,11,3,444.10),
(1004,11,4,442.10),
(1005,11,5,442.10),
(1006,11,6,442.10),
(1007,11,7,442.10),
(1008,11,8,442.10),
(1009,11,9,442.10),
(1010,11,10,442.10),
(1011,11,11,439.10),
(1012,11,12,439.10),
(1013,11,13,439.10),
(1014,11,14,439.10),
(1015,11,15,439.10),
(1016,11,16,439.10),
(1017,11,17,439.10),
(1018,11,18,439.10),
(1019,11,19,459.30),
(1020,11,20,459.30),
(1021,11,21,474.40),
(1022,11,22,474.40),
(1023,11,23,474.40),
(1024,11,24,474.40),
(1025,11,25,474.40),
(1026,11,26,489.50),
(1027,11,27,489.50),
(1028,11,28,489.50),
(1029,11,29,489.50),
(1030,11,30,489.50),
(1031,11,31,570.30),
(1032,11,32,570.30),
(1033,11,33,570.30),
(1034,11,34,570.30),
(1035,11,35,570.30),
(1036,11,36,575.30),
(1037,11,37,575.30),
(1038,11,38,575.30),
(1039,11,39,575.30),
(1040,11,40,575.30),
(1041,11,41,605.60),
(1042,11,42,605.60),
(1043,11,43,605.60),
(1044,11,44,605.60),
(1045,11,45,605.60),
(1046,11,46,767.10),
(1047,11,47,767.10),
(1048,11,48,767.10),
(1049,11,49,767.10),
(1050,11,50,767.10),
(1051,11,51,928.60),
(1052,11,52,928.60),
(1053,11,53,928.60),
(1054,11,54,928.60),
(1055,11,55,928.60),
(1056,11,56,1635.10),
(1057,11,57,1635.10),
(1058,11,58,1635.10),
(1059,11,59,1635.10),
(1060,11,60,1635.10),
(1061,11,61,2119.60),
(1062,11,62,2119.60),
(1063,11,63,2119.60),
(1064,11,64,2119.60),
(1065,11,65,2119.60),
(1066,11,66,3028.00),
(1067,11,67,3028.00),
(1068,11,68,3028.00),
(1069,11,69,3028.00),
(1070,11,70,3028.00),
(1071,11,71,3755.80),
(1072,11,72,3755.80),
(1073,11,73,3755.80),
(1074,11,74,4340.20),
(1075,11,75,4340.20),
(1076,11,76,4827.70),
(1077,11,77,4827.70),
(1078,11,78,4827.70),
(1079,11,79,5097.20),
(1080,11,80,5097.20),
(1081,11,81,6318.50),
(1082,11,82,6318.50),
(1083,11,83,6318.50),
(1084,11,84,6358.90),
(1085,11,85,6358.90),
(1086,11,86,6550.70),
(1087,11,87,6550.70),
(1088,11,88,6550.70),
(1089,11,89,6914.00),
(1090,11,90,6914.00),
(1091,11,91,7475.20),
(1092,11,92,7475.20),
(1093,11,93,7475.20),
(1094,11,94,8074.80),
(1095,11,95,8074.80),
(1096,11,96,9116.40),
(1097,11,97,9116.40),
(1098,11,98,9116.40),
(1099,11,99,9487.90),
(1100,11,100,9487.90),
(1101,12,1,393.70),
(1102,12,2,393.70),
(1103,12,3,393.70),
(1104,12,4,222.10),
(1105,12,5,222.10),
(1106,12,6,222.10),
(1107,12,7,222.10),
(1108,12,8,222.10),
(1109,12,9,222.10),
(1110,12,10,222.10),
(1111,12,11,196.80),
(1112,12,12,196.80),
(1113,12,13,196.80),
(1114,12,14,196.80),
(1115,12,15,196.80),
(1116,12,16,196.80),
(1117,12,17,196.80),
(1118,12,18,196.80),
(1119,12,19,196.80),
(1120,12,20,196.80),
(1121,12,21,196.80),
(1122,12,22,196.80),
(1123,12,23,196.80),
(1124,12,24,196.80),
(1125,12,25,196.80),
(1126,12,26,196.80),
(1127,12,27,196.80),
(1128,12,28,196.80),
(1129,12,29,196.80),
(1130,12,30,196.80),
(1131,12,31,201.90),
(1132,12,32,201.90),
(1133,12,33,201.90),
(1134,12,34,201.90),
(1135,12,35,201.90),
(1136,12,36,206.90),
(1137,12,37,206.90),
(1138,12,38,206.90),
(1139,12,39,206.90),
(1140,12,40,206.90),
(1141,12,41,242.20),
(1142,12,42,242.20),
(1143,12,43,242.20),
(1144,12,44,242.20),
(1145,12,45,242.20),
(1146,12,46,292.70),
(1147,12,47,292.70),
(1148,12,48,292.70),
(1149,12,49,292.70),
(1150,12,50,292.70),
(1151,12,51,333.10),
(1152,12,52,333.10),
(1153,12,53,333.10),
(1154,12,54,333.10),
(1155,12,55,333.10),
(1156,12,56,454.20),
(1157,12,57,454.20),
(1158,12,58,454.20),
(1159,12,59,454.20),
(1160,12,60,454.20),
(1161,12,61,887.20),
(1162,12,62,887.20),
(1163,12,63,887.20),
(1164,12,64,887.20),
(1165,12,65,887.20),
(1166,12,66,1110.30),
(1167,12,67,1110.30),
(1168,12,68,1110.30),
(1169,12,69,1110.30),
(1170,12,70,1110.30),
(1171,12,71,1261.70),
(1172,12,72,1261.70),
(1173,12,73,1261.70),
(1174,12,74,1312.20),
(1175,12,75,1312.20),
(1176,12,76,1524.10),
(1177,12,77,1524.10),
(1178,12,78,1524.10),
(1179,12,79,1816.80),
(1180,12,80,1816.80),
(1181,12,81,1917.80),
(1182,12,82,1917.80),
(1183,12,83,1917.80),
(1184,12,84,2018.70),
(1185,12,85,2018.70),
(1186,12,86,2049.00),
(1187,12,87,2049.00),
(1188,12,88,2049.00),
(1189,12,89,2119.60),
(1190,12,90,2119.60),
(1191,12,91,2220.60),
(1192,12,92,2220.60),
(1193,12,93,2220.60),
(1194,12,94,2624.30),
(1195,12,95,2624.30),
(1196,12,96,2826.20),
(1197,12,97,2826.20),
(1198,12,98,2826.20),
(1199,12,99,3028.00),
(1200,12,100,3028.00),
(1201,13,1,500.00),
(1202,13,2,500.00),
(1203,13,3,500.00),
(1204,13,4,500.00),
(1205,13,5,500.00),
(1206,13,6,500.00),
(1207,13,7,500.00),
(1208,13,8,500.00),
(1209,13,9,500.00),
(1210,13,10,500.00),
(1211,13,11,500.00),
(1212,13,12,500.00),
(1213,13,13,500.00),
(1214,13,14,500.00),
(1215,13,15,500.00),
(1216,13,16,500.00),
(1217,13,17,500.00),
(1218,13,18,500.00),
(1219,13,19,508.00),
(1220,13,20,508.00),
(1221,13,21,570.00),
(1222,13,22,570.00),
(1223,13,23,570.00),
(1224,13,24,570.00),
(1225,13,25,570.00),
(1226,13,26,578.00),
(1227,13,27,578.00),
(1228,13,28,578.00),
(1229,13,29,578.00),
(1230,13,30,578.00),
(1231,13,31,722.00),
(1232,13,32,722.00),
(1233,13,33,722.00),
(1234,13,34,722.00),
(1235,13,35,722.00),
(1236,13,36,760.00),
(1237,13,37,760.00),
(1238,13,38,760.00),
(1239,13,39,760.00),
(1240,13,40,760.00),
(1241,13,41,965.00),
(1242,13,42,965.00),
(1243,13,43,965.00),
(1244,13,44,965.00),
(1245,13,45,965.00),
(1246,13,46,980.00),
(1247,13,47,980.00),
(1248,13,48,980.00),
(1249,13,49,980.00),
(1250,13,50,980.00),
(1251,13,51,1590.00),
(1252,13,52,1590.00),
(1253,13,53,1590.00),
(1254,13,54,1590.00),
(1255,13,55,1590.00),
(1256,13,56,2383.00),
(1257,13,57,2383.00),
(1258,13,58,2383.00),
(1259,13,59,2383.00),
(1260,13,60,2383.00),
(1261,13,61,3100.00),
(1262,13,62,3100.00),
(1263,13,63,3100.00),
(1264,13,64,3100.00),
(1265,13,65,3100.00),
(1266,13,66,4100.00),
(1267,13,67,4100.00),
(1268,13,68,4100.00),
(1269,13,69,4100.00),
(1270,13,70,4100.00),
(1271,13,71,4950.00),
(1272,13,72,4950.00),
(1273,13,73,4950.00),
(1274,13,74,5460.00),
(1275,13,75,5460.00),
(1276,13,76,6250.00),
(1277,13,77,6250.00),
(1278,13,78,6250.00),
(1279,13,79,6900.00),
(1280,13,80,6900.00),
(1281,13,81,7455.00),
(1282,13,82,7455.00),
(1283,13,83,7455.00),
(1284,13,84,7585.00),
(1285,13,85,7585.00),
(1286,13,86,7650.00),
(1287,13,87,7650.00),
(1288,13,88,7650.00),
(1289,13,89,7700.00),
(1290,13,90,7700.00),
(1291,13,91,7800.00),
(1292,13,92,7800.00),
(1293,13,93,7800.00),
(1294,13,94,7900.00),
(1295,13,95,7900.00),
(1296,13,96,8000.00),
(1297,13,97,8000.00),
(1298,13,98,8000.00),
(1299,13,99,8100.00),
(1300,13,100,8100.00),
(1301,15,1,172.60),
(1302,15,2,172.60),
(1303,15,3,172.60),
(1304,15,4,172.60),
(1305,15,5,172.60),
(1306,15,6,172.60),
(1307,15,7,172.60),
(1308,15,8,172.60),
(1309,15,9,172.60),
(1310,15,10,172.60),
(1311,15,11,172.60),
(1312,15,12,172.60),
(1313,15,13,172.60),
(1314,15,14,172.60),
(1315,15,15,172.60),
(1316,15,16,172.60),
(1317,15,17,172.60),
(1318,15,18,172.60),
(1319,15,19,187.74),
(1320,15,20,187.74),
(1321,15,21,198.84),
(1322,15,22,198.84),
(1323,15,23,198.84),
(1324,15,24,198.84),
(1325,15,25,198.84),
(1326,15,26,198.84),
(1327,15,27,198.84),
(1328,15,28,198.84),
(1329,15,29,198.84),
(1330,15,30,198.84),
(1331,15,31,213.98),
(1332,15,32,213.98),
(1333,15,33,213.98),
(1334,15,34,213.98),
(1335,15,35,213.98),
(1336,15,36,219.03),
(1337,15,37,219.03),
(1338,15,38,219.03),
(1339,15,39,219.03),
(1340,15,40,219.03),
(1341,15,41,330.06),
(1342,15,42,330.06),
(1343,15,43,330.06),
(1344,15,44,330.06),
(1345,15,45,330.06),
(1346,15,46,349.23),
(1347,15,47,349.23),
(1348,15,48,349.23),
(1349,15,49,349.23),
(1350,15,50,349.23),
(1351,15,51,470.36),
(1352,15,52,470.36),
(1353,15,53,470.36),
(1354,15,54,470.36),
(1355,15,55,470.36),
(1356,15,56,536.97),
(1357,15,57,536.97),
(1358,15,58,536.97),
(1359,15,59,536.97),
(1360,15,60,536.97),
(1361,15,61,760.04),
(1362,15,62,760.04),
(1363,15,63,760.04),
(1364,15,64,760.04),
(1365,15,65,760.04),
(1366,15,66,1006.32),
(1367,15,67,1006.32),
(1368,15,68,1006.32),
(1369,15,69,1006.32),
(1370,15,70,1006.32),
(1371,15,71,1256.64),
(1372,15,72,1256.64),
(1373,15,73,1256.64),
(1374,15,74,1482.73),
(1375,15,75,1482.73),
(1376,15,76,1563.48),
(1377,15,77,1563.48),
(1378,15,78,1563.48),
(1379,15,79,1793.61),
(1380,15,80,1793.61),
(1381,15,81,2012.64),
(1382,15,82,2012.64),
(1383,15,83,2012.64),
(1384,15,84,2222.58),
(1385,15,85,2222.58),
(1386,15,86,2401.23),
(1387,15,87,2401.23),
(1388,15,88,2401.23),
(1389,15,89,2716.15),
(1390,15,90,2716.15),
(1391,15,91,2934.17),
(1392,15,92,2934.17),
(1393,15,93,2934.17),
(1394,15,94,3162.28),
(1395,15,95,3162.28),
(1396,15,96,3395.44),
(1397,15,97,3395.44),
(1398,15,98,3395.44),
(1399,15,99,3620.52),
(1400,15,100,3620.52),
(1401,17,1,106.99),
(1402,17,2,106.99),
(1403,17,3,106.99),
(1404,17,4,106.99),
(1405,17,5,106.99),
(1406,17,6,106.99),
(1407,17,7,106.99),
(1408,17,8,106.99),
(1409,17,9,106.99),
(1410,17,10,106.99),
(1411,17,11,106.99),
(1412,17,12,106.99),
(1413,17,13,106.99),
(1414,17,14,106.99),
(1415,17,15,106.99),
(1416,17,16,106.99),
(1417,17,17,106.99),
(1418,17,18,106.99),
(1419,17,19,119.10),
(1420,17,20,119.10),
(1421,17,21,119.10),
(1422,17,22,119.10),
(1423,17,23,119.10),
(1424,17,24,119.10),
(1425,17,25,119.10),
(1426,17,26,119.10),
(1427,17,27,119.10),
(1428,17,28,119.10),
(1429,17,29,119.10),
(1430,17,30,119.10),
(1431,17,31,135.25),
(1432,17,32,135.25),
(1433,17,33,135.25),
(1434,17,34,135.25),
(1435,17,35,135.25),
(1436,17,36,143.33),
(1437,17,37,143.33),
(1438,17,38,143.33),
(1439,17,39,143.33),
(1440,17,40,143.33),
(1441,17,41,214.99),
(1442,17,42,214.99),
(1443,17,43,214.99),
(1444,17,44,214.99),
(1445,17,45,214.99),
(1446,17,46,221.05),
(1447,17,47,221.05),
(1448,17,48,221.05),
(1449,17,49,221.05),
(1450,17,50,221.05),
(1451,17,51,310.88),
(1452,17,52,310.88),
(1453,17,53,310.88),
(1454,17,54,310.88),
(1455,17,55,310.88),
(1456,17,56,363.36),
(1457,17,57,363.36),
(1458,17,58,363.36),
(1459,17,59,363.36),
(1460,17,60,363.36),
(1461,17,61,489.53),
(1462,17,62,489.53),
(1463,17,63,489.53),
(1464,17,64,489.53),
(1465,17,65,489.53),
(1466,17,66,628.82),
(1467,17,67,628.82),
(1468,17,68,628.82),
(1469,17,69,628.82),
(1470,17,70,628.82),
(1471,17,71,761.05),
(1472,17,72,761.05),
(1473,17,73,761.05),
(1474,17,74,913.46),
(1475,17,75,913.46),
(1476,17,76,1001.27),
(1477,17,77,1001.27),
(1478,17,78,1001.27),
(1479,17,79,1208.19),
(1480,17,80,1208.19),
(1481,17,81,1390.88),
(1482,17,82,1390.88),
(1483,17,83,1390.88),
(1484,17,84,1535.21),
(1485,17,85,1535.21),
(1486,17,86,1691.66),
(1487,17,87,1691.66),
(1488,17,88,1691.66),
(1489,17,89,1852.15),
(1490,17,90,1852.15),
(1491,17,91,2022.73),
(1492,17,92,2022.73),
(1493,17,93,2022.73),
(1494,17,94,2141.83),
(1495,17,95,2141.83),
(1496,17,96,2280.11),
(1497,17,97,2280.11),
(1498,17,98,2280.11),
(1499,17,99,2431.51),
(1500,17,100,2431.51),
(1501,14,1,248.00),
(1502,14,2,248.00),
(1503,14,3,248.00),
(1504,14,4,248.00),
(1505,14,5,248.00),
(1506,14,6,248.00),
(1507,14,7,248.00),
(1508,14,8,248.00),
(1509,14,9,248.00),
(1510,14,10,248.00),
(1511,14,11,248.00),
(1512,14,12,248.00),
(1513,14,13,248.00),
(1514,14,14,248.00),
(1515,14,15,248.00),
(1516,14,16,248.00),
(1517,14,17,248.00),
(1518,14,18,248.00),
(1519,14,19,253.00),
(1520,14,20,253.00),
(1521,14,21,263.00),
(1522,14,22,263.00),
(1523,14,23,263.00),
(1524,14,24,263.00),
(1525,14,25,263.00),
(1526,14,26,268.00),
(1527,14,27,268.00),
(1528,14,28,268.00),
(1529,14,29,268.00),
(1530,14,30,268.00),
(1531,14,31,305.00),
(1532,14,32,305.00),
(1533,14,33,305.00),
(1534,14,34,305.00),
(1535,14,35,305.00),
(1536,14,36,320.00),
(1537,14,37,320.00),
(1538,14,38,320.00),
(1539,14,39,320.00),
(1540,14,40,320.00),
(1541,14,41,475.00),
(1542,14,42,475.00),
(1543,14,43,475.00),
(1544,14,44,475.00),
(1545,14,45,475.00),
(1546,14,46,495.00),
(1547,14,47,495.00),
(1548,14,48,495.00),
(1549,14,49,495.00),
(1550,14,50,495.00),
(1551,14,51,800.00),
(1552,14,52,800.00),
(1553,14,53,800.00),
(1554,14,54,800.00),
(1555,14,55,800.00),
(1556,14,56,930.00),
(1557,14,57,930.00),
(1558,14,58,930.00),
(1559,14,59,930.00),
(1560,14,60,930.00),
(1561,14,61,1350.00),
(1562,14,62,1350.00),
(1563,14,63,1350.00),
(1564,14,64,1350.00),
(1565,14,65,1350.00),
(1566,14,66,1805.00),
(1567,14,67,1805.00),
(1568,14,68,1805.00),
(1569,14,69,1805.00),
(1570,14,70,1805.00),
(1571,14,71,2485.00),
(1572,14,72,2485.00),
(1573,14,73,2485.00),
(1574,14,74,2785.00),
(1575,14,75,2785.00),
(1576,14,76,3365.00),
(1577,14,77,3365.00),
(1578,14,78,3365.00),
(1579,14,79,3935.00),
(1580,14,80,3935.00),
(1581,14,81,3975.00),
(1582,14,82,3975.00),
(1583,14,83,3975.00),
(1584,14,84,4045.00),
(1585,14,85,4045.00),
(1586,14,86,4395.00),
(1587,14,87,4395.00),
(1588,14,88,4395.00),
(1589,14,89,4480.00),
(1590,14,90,4480.00),
(1591,14,91,4535.00),
(1592,14,92,4535.00),
(1593,14,93,4535.00),
(1594,14,94,4620.00),
(1595,14,95,4620.00),
(1596,14,96,4680.00),
(1597,14,97,4680.00),
(1598,14,98,4680.00),
(1599,14,99,4750.00),
(1600,14,100,4750.00),
(1601,16,1,85.79),
(1602,16,2,85.79),
(1603,16,3,85.79),
(1604,16,4,85.79),
(1605,16,5,85.79),
(1606,16,6,85.79),
(1607,16,7,85.79),
(1608,16,8,85.79),
(1609,16,9,85.79),
(1610,16,10,85.79),
(1611,16,11,85.79),
(1612,16,12,85.79),
(1613,16,13,85.79),
(1614,16,14,85.79),
(1615,16,15,85.79),
(1616,16,16,85.79),
(1617,16,17,85.79),
(1618,16,18,85.79),
(1619,16,19,88.82),
(1620,16,20,88.82),
(1621,16,21,88.82),
(1622,16,22,88.82),
(1623,16,23,88.82),
(1624,16,24,88.82),
(1625,16,25,88.82),
(1626,16,26,88.82),
(1627,16,27,88.82),
(1628,16,28,88.82),
(1629,16,29,88.82),
(1630,16,30,88.82),
(1631,16,31,94.88),
(1632,16,32,94.88),
(1633,16,33,94.88),
(1634,16,34,94.88),
(1635,16,35,94.88),
(1636,16,36,103.96),
(1637,16,37,103.96),
(1638,16,38,103.96),
(1639,16,39,103.96),
(1640,16,40,103.96),
(1641,16,41,158.47),
(1642,16,42,158.47),
(1643,16,43,158.47),
(1644,16,44,158.47),
(1645,16,45,158.47),
(1646,16,46,171.59),
(1647,16,47,171.59),
(1648,16,48,171.59),
(1649,16,49,171.59),
(1650,16,50,171.59),
(1651,16,51,206.92),
(1652,16,52,206.92),
(1653,16,53,206.92),
(1654,16,54,206.92),
(1655,16,55,206.92),
(1656,16,56,220.04),
(1657,16,57,220.04),
(1658,16,58,220.04),
(1659,16,59,220.04),
(1660,16,60,220.04),
(1661,16,61,325.01),
(1662,16,62,325.01),
(1663,16,63,325.01),
(1664,16,64,325.01),
(1665,16,65,325.01),
(1666,16,66,446.13),
(1667,16,67,446.13),
(1668,16,68,446.13),
(1669,16,69,446.13),
(1670,16,70,446.13),
(1671,16,71,592.49),
(1672,16,72,592.49),
(1673,16,73,592.49),
(1674,16,74,708.56),
(1675,16,75,708.56),
(1676,16,76,827.66),
(1677,16,77,827.66),
(1678,16,78,827.66),
(1679,16,79,913.46),
(1680,16,80,913.46),
(1681,16,81,1002.28),
(1682,16,82,1002.28),
(1683,16,83,1002.28),
(1684,16,84,1057.79),
(1685,16,85,1057.79),
(1686,16,86,1283.89),
(1687,16,87,1283.89),
(1688,16,88,1283.89),
(1689,16,89,1372.71),
(1690,16,90,1372.71),
(1691,16,91,1585.68),
(1692,16,92,1585.68),
(1693,16,93,1585.68),
(1694,16,94,1634.13),
(1695,16,95,1634.13),
(1696,16,96,1681.57),
(1697,16,97,1681.57),
(1698,16,98,1681.57),
(1699,16,99,1730.02),
(1700,16,100,1730.02),
(1701,18,1,65.61),
(1702,18,2,65.61),
(1703,18,3,65.61),
(1704,18,4,65.61),
(1705,18,5,65.61),
(1706,18,6,65.61),
(1707,18,7,65.61),
(1708,18,8,65.61),
(1709,18,9,65.61),
(1710,18,10,65.61),
(1711,18,11,65.61),
(1712,18,12,65.61),
(1713,18,13,65.61),
(1714,18,14,65.61),
(1715,18,15,65.61),
(1716,18,16,65.61),
(1717,18,17,65.61),
(1718,18,18,65.61),
(1719,18,19,71.66),
(1720,18,20,71.66),
(1721,18,21,71.66),
(1722,18,22,71.66),
(1723,18,23,71.66),
(1724,18,24,71.66),
(1725,18,25,71.66),
(1726,18,26,71.66),
(1727,18,27,71.66),
(1728,18,28,71.66),
(1729,18,29,71.66),
(1730,18,30,71.66),
(1731,18,31,78.73),
(1732,18,32,78.73),
(1733,18,33,78.73),
(1734,18,34,78.73),
(1735,18,35,78.73),
(1736,18,36,83.78),
(1737,18,37,83.78),
(1738,18,38,83.78),
(1739,18,39,83.78),
(1740,18,40,83.78),
(1741,18,41,134.24),
(1742,18,42,134.24),
(1743,18,43,134.24),
(1744,18,44,134.24),
(1745,18,45,134.24),
(1746,18,46,141.31),
(1747,18,47,141.31),
(1748,18,48,141.31),
(1749,18,49,141.31),
(1750,18,50,141.31),
(1751,18,51,177.64),
(1752,18,52,177.64),
(1753,18,53,177.64),
(1754,18,54,177.64),
(1755,18,55,177.64),
(1756,18,56,183.70),
(1757,18,57,183.70),
(1758,18,58,183.70),
(1759,18,59,183.70),
(1760,18,60,183.70),
(1761,18,61,254.36),
(1762,18,62,254.36),
(1763,18,63,254.36),
(1764,18,64,254.36),
(1765,18,65,254.36),
(1766,18,66,332.07),
(1767,18,67,332.07),
(1768,18,68,332.07),
(1769,18,69,332.07),
(1770,18,70,332.07),
(1771,18,71,401.72),
(1772,18,72,401.72),
(1773,18,73,401.72),
(1774,18,74,498.62),
(1775,18,75,498.62),
(1776,18,76,588.45),
(1777,18,77,588.45),
(1778,18,78,588.45),
(1779,18,79,686.36),
(1780,18,80,686.36),
(1781,18,81,767.10),
(1782,18,82,767.10),
(1783,18,83,767.10),
(1784,18,84,843.81),
(1785,18,85,843.81),
(1786,18,86,1073.94),
(1787,18,87,1073.94),
(1788,18,88,1073.94),
(1789,18,89,1165.79),
(1790,18,90,1165.79),
(1791,18,91,1360.60),
(1792,18,92,1360.60),
(1793,18,93,1360.60),
(1794,18,94,1457.50),
(1795,18,95,1457.50),
(1796,18,96,1557.42),
(1797,18,97,1557.42),
(1798,18,98,1557.42),
(1799,18,99,1654.32),
(1800,18,100,1654.32),
(1801,19,1,751.00),
(1802,19,2,747.00),
(1803,19,3,743.00),
(1804,19,4,730.00),
(1805,19,5,718.00),
(1806,19,6,695.00),
(1807,19,7,671.00),
(1808,19,8,648.00),
(1809,19,9,623.00),
(1810,19,10,600.00),
(1811,19,11,571.00),
(1812,19,12,574.00),
(1813,19,13,575.00),
(1814,19,14,576.00),
(1815,19,15,577.00),
(1816,19,16,580.00),
(1817,19,17,584.00),
(1818,19,18,588.00),
(1819,19,19,591.00),
(1820,19,20,593.00),
(1821,19,21,639.00),
(1822,19,22,641.00),
(1823,19,23,643.00),
(1824,19,24,648.00),
(1825,19,25,652.00),
(1826,19,26,655.00),
(1827,19,27,652.00),
(1828,19,28,663.00),
(1829,19,29,671.00),
(1830,19,30,681.00),
(1831,19,31,719.00),
(1832,19,32,730.00),
(1833,19,33,740.00),
(1834,19,34,751.00),
(1835,19,35,760.00),
(1836,19,36,771.00),
(1837,19,37,780.00),
(1838,19,38,791.00),
(1839,19,39,801.00),
(1840,19,40,811.00),
(1841,19,41,1068.00),
(1842,19,42,1084.00),
(1843,19,43,1188.00),
(1844,19,44,1222.00),
(1845,19,45,1229.00),
(1846,19,46,1236.00),
(1847,19,47,1241.00),
(1848,19,48,1246.00),
(1849,19,49,1248.00),
(1850,19,50,1250.00),
(1851,19,51,1602.00),
(1852,19,52,1612.00),
(1853,19,53,1649.00),
(1854,19,54,1772.00),
(1855,19,55,1815.00),
(1856,19,56,2200.00),
(1857,19,57,2216.00),
(1858,19,58,2223.00),
(1859,19,59,2451.00),
(1860,19,60,2543.00),
(1861,19,61,3122.00),
(1862,19,62,3175.00),
(1863,19,63,3405.00),
(1864,19,64,3547.00),
(1865,19,65,3547.00),
(1866,19,66,4325.00),
(1867,19,67,4617.00),
(1868,19,68,4910.00),
(1869,19,69,4947.00),
(1870,19,70,4982.00),
(1871,19,71,5437.00),
(1872,19,72,5475.00),
(1873,19,73,5703.00),
(1874,19,74,5982.00),
(1875,19,75,6231.00),
(1876,19,76,6489.00),
(1877,19,77,6742.00),
(1878,19,78,6993.00),
(1879,19,79,7243.00),
(1880,19,80,7478.00),
(1881,19,81,7714.00),
(1882,19,82,7949.00),
(1883,19,83,8014.00),
(1884,19,84,8079.00),
(1885,19,85,8379.00),
(1886,19,86,8680.00),
(1887,19,87,8980.00),
(1888,19,88,9199.00),
(1889,19,89,9419.00),
(1890,19,90,9493.00),
(1891,19,91,9567.00),
(1892,19,92,9640.00),
(1893,19,93,9786.00),
(1894,19,94,9931.00),
(1895,19,95,10030.00),
(1896,19,96,10129.00),
(1897,19,97,10229.00),
(1898,19,98,10380.00),
(1899,19,99,10527.00),
(1900,19,100,10676.00),
(1901,20,1,526.00),
(1902,20,2,523.00),
(1903,20,3,521.00),
(1904,20,4,515.00),
(1905,20,5,503.00),
(1906,20,6,487.00),
(1907,20,7,470.00),
(1908,20,8,454.00),
(1909,20,9,437.00),
(1910,20,10,421.00),
(1911,20,11,401.00),
(1912,20,12,403.00),
(1913,20,13,404.00),
(1914,20,14,405.00),
(1915,20,15,406.00),
(1916,20,16,407.00),
(1917,20,17,408.00),
(1918,20,18,410.00),
(1919,20,19,412.00),
(1920,20,20,414.00),
(1921,20,21,448.00),
(1922,20,22,448.00),
(1923,20,23,450.00),
(1924,20,24,451.00),
(1925,20,25,452.00),
(1926,20,26,453.00),
(1927,20,27,457.00),
(1928,20,28,464.00),
(1929,20,29,470.00),
(1930,20,30,478.00),
(1931,20,31,504.00),
(1932,20,32,512.00),
(1933,20,33,519.00),
(1934,20,34,526.00),
(1935,20,35,532.00),
(1936,20,36,540.00),
(1937,20,37,547.00),
(1938,20,38,554.00),
(1939,20,39,562.00),
(1940,20,40,568.00),
(1941,20,41,749.00),
(1942,20,42,759.00),
(1943,20,43,832.00),
(1944,20,44,857.00),
(1945,20,45,860.00),
(1946,20,46,863.00),
(1947,20,47,866.00),
(1948,20,48,869.00),
(1949,20,49,872.00),
(1950,20,50,875.00),
(1951,20,51,1122.00),
(1952,20,52,1129.00),
(1953,20,53,1154.00),
(1954,20,54,1241.00),
(1955,20,55,1272.00),
(1956,20,56,1541.00),
(1957,20,57,1551.00),
(1958,20,58,1556.00),
(1959,20,59,1716.00),
(1960,20,60,1781.00),
(1961,20,61,2185.00),
(1962,20,62,2224.00),
(1963,20,63,2385.00),
(1964,20,64,2483.00),
(1965,20,65,2483.00),
(1966,20,66,3028.00),
(1967,20,67,3233.00),
(1968,20,68,3438.00),
(1969,20,69,3463.00),
(1970,20,70,3488.00),
(1971,20,71,3806.00),
(1972,20,72,3834.00),
(1973,20,73,3992.00),
(1974,20,74,4187.00),
(1975,20,75,4362.00),
(1976,20,76,4543.00),
(1977,20,77,4721.00),
(1978,20,78,4895.00),
(1979,20,79,5070.00),
(1980,20,80,5235.00),
(1981,20,81,5401.00),
(1982,20,82,5564.00),
(1983,20,83,5609.00),
(1984,20,84,5656.00),
(1985,20,85,5866.00),
(1986,20,86,6076.00),
(1987,20,87,6286.00),
(1988,20,88,6440.00),
(1989,20,89,6593.00),
(1990,20,90,6645.00),
(1991,20,91,6697.00),
(1992,20,92,6749.00),
(1993,20,93,6850.00),
(1994,20,94,6951.00),
(1995,20,95,7021.00),
(1996,20,96,7092.00),
(1997,20,97,7161.00),
(1998,20,98,7266.00),
(1999,20,99,7370.00),
(2000,20,100,7474.00),
(2001,21,1,253.00),
(2002,21,2,253.00),
(2003,21,3,253.00),
(2004,21,4,253.00),
(2005,21,5,253.00),
(2006,21,6,254.00),
(2007,21,7,254.00),
(2008,21,8,254.00),
(2009,21,9,254.00),
(2010,21,10,254.00),
(2011,21,11,254.00),
(2012,21,12,254.00),
(2013,21,13,255.00),
(2014,21,14,255.00),
(2015,21,15,255.00),
(2016,21,16,255.00),
(2017,21,17,256.00),
(2018,21,18,256.00),
(2019,21,19,256.00),
(2020,21,20,257.00),
(2021,21,21,257.00),
(2022,21,22,257.00),
(2023,21,23,259.00),
(2024,21,24,259.00),
(2025,21,25,259.00),
(2026,21,26,261.00),
(2027,21,27,262.00),
(2028,21,28,263.00),
(2029,21,29,264.00),
(2030,21,30,265.00),
(2031,21,31,266.00),
(2032,21,32,267.00),
(2033,21,33,269.00),
(2034,21,34,278.00),
(2035,21,35,287.00),
(2036,21,36,296.00),
(2037,21,37,310.00),
(2038,21,38,321.00),
(2039,21,39,327.00),
(2040,21,40,333.00),
(2041,21,41,355.00),
(2042,21,42,368.00),
(2043,21,43,380.00),
(2044,21,44,386.00),
(2045,21,45,404.00),
(2046,21,46,425.00),
(2047,21,47,429.00),
(2048,21,48,432.00),
(2049,21,49,434.00),
(2050,21,50,435.00),
(2051,21,51,501.00),
(2052,21,52,573.00),
(2053,21,53,601.00),
(2054,21,54,603.00),
(2055,21,55,608.00),
(2056,21,56,680.00),
(2057,21,57,706.00),
(2058,21,58,734.00),
(2059,21,59,740.00),
(2060,21,60,743.00),
(2061,21,61,898.00),
(2062,21,62,953.00),
(2063,21,63,1008.00),
(2064,21,64,1021.00),
(2065,21,65,1021.00),
(2066,21,66,1263.00),
(2067,21,67,1348.00),
(2068,21,68,1433.00),
(2069,21,69,1446.00),
(2070,21,70,1450.00),
(2071,21,71,1873.00),
(2072,21,72,1896.00),
(2073,21,73,1896.00),
(2074,21,74,2148.00),
(2075,21,75,2175.00),
(2076,21,76,2358.00),
(2077,21,77,2463.00),
(2078,21,78,2493.00),
(2079,21,79,2756.00),
(2080,21,80,2791.00),
(2081,21,81,3000.00),
(2082,21,82,3123.00),
(2083,21,83,3159.00),
(2084,21,84,3278.00),
(2085,21,85,3318.00),
(2086,21,86,3522.00),
(2087,21,87,3644.00),
(2088,21,88,3689.00),
(2089,21,89,3821.00),
(2090,21,90,3851.00),
(2091,21,91,3882.00),
(2092,21,92,3910.00),
(2093,21,93,3959.00),
(2094,21,94,4028.00),
(2095,21,95,4069.00),
(2096,21,96,4108.00),
(2097,21,97,4150.00),
(2098,21,98,4199.00),
(2099,21,99,4292.00),
(2100,21,100,4322.00),
(2101,22,1,222.06),
(2102,22,2,222.06),
(2103,22,3,222.06),
(2104,22,4,222.06),
(2105,22,5,222.06),
(2106,22,6,222.06),
(2107,22,7,222.06),
(2108,22,8,222.06),
(2109,22,9,222.06),
(2110,22,10,222.06),
(2111,22,11,222.06),
(2112,22,12,222.06),
(2113,22,13,222.06),
(2114,22,14,222.06),
(2115,22,15,222.06),
(2116,22,16,222.06),
(2117,22,17,222.06),
(2118,22,18,222.06),
(2119,22,19,222.06),
(2120,22,20,222.06),
(2121,22,21,227.10),
(2122,22,22,227.10),
(2123,22,23,227.10),
(2124,22,24,227.10),
(2125,22,25,227.10),
(2126,22,26,227.10),
(2127,22,27,227.10),
(2128,22,28,227.10),
(2129,22,29,227.10),
(2130,22,30,227.10),
(2131,22,31,248.30),
(2132,22,32,248.30),
(2133,22,33,248.30),
(2134,22,34,248.30),
(2135,22,35,248.30),
(2136,22,36,248.30),
(2137,22,37,248.30),
(2138,22,38,248.30),
(2139,22,39,248.30),
(2140,22,40,248.30),
(2141,22,41,309.87),
(2142,22,42,309.87),
(2143,22,43,309.87),
(2144,22,44,309.87),
(2145,22,45,309.87),
(2146,22,46,309.87),
(2147,22,47,309.87),
(2148,22,48,309.87),
(2149,22,49,309.87),
(2150,22,50,309.87),
(2151,22,51,445.12),
(2152,22,52,445.12),
(2153,22,53,445.12),
(2154,22,54,445.12),
(2155,22,55,445.12),
(2156,22,56,595.51),
(2157,22,57,595.51),
(2158,22,58,595.51),
(2159,22,59,595.51),
(2160,22,60,595.51),
(2161,22,61,823.63),
(2162,22,62,823.63),
(2163,22,63,823.63),
(2164,22,64,823.63),
(2165,22,65,823.63),
(2166,22,66,1073.94),
(2167,22,67,1073.94),
(2168,22,68,1073.94),
(2169,22,69,1073.94),
(2170,22,70,1073.94),
(2171,22,71,1380.79),
(2172,22,72,1380.79),
(2173,22,73,1380.79),
(2174,22,74,1599.81),
(2175,22,75,1599.81),
(2176,22,76,1794.62),
(2177,22,77,1794.62),
(2178,22,78,1794.62),
(2179,22,79,1917.76),
(2180,22,80,1917.76),
(2181,22,81,2037.87),
(2182,22,82,2037.87),
(2183,22,83,2037.87),
(2184,22,84,2118.62),
(2185,22,85,2118.62),
(2186,22,86,2335.63),
(2187,22,87,2335.63),
(2188,22,88,2335.63),
(2189,22,89,2404.26),
(2190,22,90,2404.26),
(2191,22,91,2476.93),
(2192,22,92,2476.93),
(2193,22,93,2476.93),
(2194,22,94,2551.63),
(2195,22,95,2551.63),
(2196,22,96,2627.33),
(2197,22,97,2627.33),
(2198,22,98,2627.33),
(2199,22,99,2705.05),
(2200,22,100,2705.05),
(2201,23,1,132.22),
(2202,23,2,132.22),
(2203,23,3,132.22),
(2204,23,4,132.22),
(2205,23,5,132.22),
(2206,23,6,132.22),
(2207,23,7,132.22),
(2208,23,8,132.22),
(2209,23,9,132.22),
(2210,23,10,132.22),
(2211,23,11,132.22),
(2212,23,12,132.22),
(2213,23,13,132.22),
(2214,23,14,132.22),
(2215,23,15,132.22),
(2216,23,16,132.22),
(2217,23,17,132.22),
(2218,23,18,132.22),
(2219,23,19,132.22),
(2220,23,20,132.22),
(2221,23,21,136.26),
(2222,23,22,136.26),
(2223,23,23,136.26),
(2224,23,24,136.26),
(2225,23,25,136.26),
(2226,23,26,136.26),
(2227,23,27,136.26),
(2228,23,28,136.26),
(2229,23,29,136.26),
(2230,23,30,136.26),
(2231,23,31,149.38),
(2232,23,32,149.38),
(2233,23,33,149.38),
(2234,23,34,149.38),
(2235,23,35,149.38),
(2236,23,36,149.38),
(2237,23,37,149.38),
(2238,23,38,149.38),
(2239,23,39,149.38),
(2240,23,40,149.38),
(2241,23,41,186.73),
(2242,23,42,186.73),
(2243,23,43,186.73),
(2244,23,44,186.73),
(2245,23,45,186.73),
(2246,23,46,186.73),
(2247,23,47,186.73),
(2248,23,48,186.73),
(2249,23,49,186.73),
(2250,23,50,186.73),
(2251,23,51,267.48),
(2252,23,52,267.48),
(2253,23,53,267.48),
(2254,23,54,267.48),
(2255,23,55,267.48),
(2256,23,56,357.31),
(2257,23,57,357.31),
(2258,23,58,357.31),
(2259,23,59,357.31),
(2260,23,60,357.31),
(2261,23,61,494.58),
(2262,23,62,494.58),
(2263,23,63,494.58),
(2264,23,64,494.58),
(2265,23,65,494.58),
(2266,23,66,644.97),
(2267,23,67,644.97),
(2268,23,68,644.97),
(2269,23,69,644.97),
(2270,23,70,644.97),
(2271,23,71,829.68),
(2272,23,72,829.68),
(2273,23,73,829.68),
(2274,23,74,959.89),
(2275,23,75,959.89),
(2276,23,76,1095.14),
(2277,23,77,1095.14),
(2278,23,78,1095.14),
(2279,23,79,1208.19),
(2280,23,80,1208.19),
(2281,23,81,1325.27),
(2282,23,82,1325.27),
(2283,23,83,1325.27),
(2284,23,84,1398.95),
(2285,23,85,1398.95),
(2286,23,86,1541.27),
(2287,23,87,1541.27),
(2288,23,88,1541.27),
(2289,23,89,1586.69),
(2290,23,90,1586.69),
(2291,23,91,1635.14),
(2292,23,92,1635.14),
(2293,23,93,1635.14),
(2294,23,94,1684.60),
(2295,23,95,1684.60),
(2296,23,96,1734.06),
(2297,23,97,1734.06),
(2298,23,98,1734.06),
(2299,23,99,1785.53),
(2300,23,100,1785.53),
(2301,24,1,84.89),
(2302,24,2,85.86),
(2303,24,3,86.83),
(2304,24,4,87.91),
(2305,24,5,88.88),
(2306,24,6,89.86),
(2307,24,7,90.94),
(2308,24,8,91.91),
(2309,24,9,92.88),
(2310,24,10,93.96),
(2311,24,11,94.93),
(2312,24,12,95.90),
(2313,24,13,96.98),
(2314,24,14,97.96),
(2315,24,15,98.93),
(2316,24,16,100.01),
(2317,24,17,100.98),
(2318,24,18,101.95),
(2319,24,19,103.03),
(2320,24,20,104.00),
(2321,24,21,135.32),
(2322,24,22,152.50),
(2323,24,23,156.49),
(2324,24,24,158.54),
(2325,24,25,160.49),
(2326,24,26,161.57),
(2327,24,27,162.54),
(2328,24,28,163.62),
(2329,24,29,164.59),
(2330,24,30,165.56),
(2331,24,31,176.69),
(2332,24,32,185.76),
(2333,24,33,186.73),
(2334,24,34,187.81),
(2335,24,35,188.78),
(2336,24,36,189.86),
(2337,24,37,190.84),
(2338,24,38,191.81),
(2339,24,39,192.89),
(2340,24,40,193.86),
(2341,24,41,195.91),
(2342,24,42,197.86),
(2343,24,43,198.94),
(2344,24,44,199.91),
(2345,24,45,200.88),
(2346,24,46,211.03),
(2347,24,47,216.00),
(2348,24,48,218.05),
(2349,24,49,220.10),
(2350,24,50,222.16),
(2351,24,51,262.44),
(2352,24,52,283.72),
(2353,24,53,306.94),
(2354,24,54,332.10),
(2355,24,55,359.42),
(2356,24,56,416.88),
(2357,24,57,479.52),
(2358,24,58,503.71),
(2359,24,59,528.98),
(2360,24,60,556.20),
(2361,24,61,668.20),
(2362,24,62,748.98),
(2363,24,63,824.69),
(2364,24,64,866.05),
(2365,24,65,909.47),
(2366,24,66,919.62),
(2367,24,67,1057.86),
(2368,24,68,1112.40),
(2369,24,69,1143.61),
(2370,24,70,1160.78),
(2371,24,71,1172.88),
(2372,24,72,1178.93),
(2373,24,73,1184.98),
(2374,24,74,1209.28),
(2375,24,75,1227.42),
(2376,24,76,1234.44),
(2377,24,77,1241.57),
(2378,24,78,1248.59),
(2379,24,79,1271.81),
(2380,24,80,1284.98),
(2381,24,81,1298.05),
(2382,24,82,1302.16),
(2383,24,83,1306.15),
(2384,24,84,1317.28),
(2385,24,85,1324.30),
(2386,24,86,1338.44),
(2387,24,87,1345.46),
(2388,24,88,1352.59),
(2389,24,89,1420.20),
(2390,24,90,1435.32),
(2391,24,91,1508.00),
(2392,24,92,1553.47),
(2393,24,93,1584.68),
(2394,24,94,1743.23),
(2395,24,95,1917.86),
(2396,24,96,2013.66),
(2397,24,97,2054.05),
(2398,24,98,2075.22),
(2399,24,99,2359.91),
(2400,24,100,2359.91),
(2401,25,1,46.43),
(2402,25,2,46.43),
(2403,25,3,46.43),
(2404,25,4,46.43),
(2405,25,5,46.43),
(2406,25,6,46.43),
(2407,25,7,46.43),
(2408,25,8,46.43),
(2409,25,9,46.43),
(2410,25,10,46.43),
(2411,25,11,46.43),
(2412,25,12,46.43),
(2413,25,13,46.43),
(2414,25,14,46.43),
(2415,25,15,46.43),
(2416,25,16,46.43),
(2417,25,17,46.43),
(2418,25,18,46.43),
(2419,25,19,46.43),
(2420,25,20,46.43),
(2421,25,21,48.45),
(2422,25,22,48.45),
(2423,25,23,48.45),
(2424,25,24,48.45),
(2425,25,25,48.45),
(2426,25,26,48.45),
(2427,25,27,48.45),
(2428,25,28,48.45),
(2429,25,29,48.45),
(2430,25,30,48.45),
(2431,25,31,61.57),
(2432,25,32,61.57),
(2433,25,33,61.57),
(2434,25,34,61.57),
(2435,25,35,61.57),
(2436,25,36,61.57),
(2437,25,37,61.57),
(2438,25,38,61.57),
(2439,25,39,61.57),
(2440,25,40,61.57),
(2441,25,41,109.00),
(2442,25,42,109.00),
(2443,25,43,109.00),
(2444,25,44,109.00),
(2445,25,45,109.00),
(2446,25,46,124.15),
(2447,25,47,124.15),
(2448,25,48,124.15),
(2449,25,49,124.15),
(2450,25,50,124.15),
(2451,25,51,166.55),
(2452,25,52,166.55),
(2453,25,53,166.55),
(2454,25,54,166.55),
(2455,25,55,166.55),
(2456,25,56,277.57),
(2457,25,57,277.57),
(2458,25,58,277.57),
(2459,25,59,277.57),
(2460,25,60,277.57),
(2461,25,61,495.59),
(2462,25,62,495.59),
(2463,25,63,495.59),
(2464,25,64,495.59),
(2465,25,65,495.59),
(2466,25,66,676.26),
(2467,25,67,676.26),
(2468,25,68,676.26),
(2469,25,69,676.26),
(2470,25,70,676.26),
(2471,25,71,745.90),
(2472,25,72,745.90),
(2473,25,73,745.90),
(2474,25,74,753.98),
(2475,25,75,753.98),
(2476,25,76,777.20),
(2477,25,77,777.20),
(2478,25,78,777.20),
(2479,25,79,793.35),
(2480,25,80,793.35),
(2481,25,81,809.49),
(2482,25,82,809.49),
(2483,25,83,809.49),
(2484,25,84,817.57),
(2485,25,85,817.57),
(2486,25,86,832.71),
(2487,25,87,832.71),
(2488,25,88,832.71),
(2489,25,89,855.92),
(2490,25,90,855.92),
(2491,25,91,967.96),
(2492,25,92,967.96),
(2493,25,93,967.96),
(2494,25,94,1197.08),
(2495,25,95,1197.08),
(2496,25,96,1341.42),
(2497,25,97,1341.42),
(2498,25,98,1341.42),
(2499,25,99,1435.29),
(2500,25,100,1435.29),
(2501,26,1,31.29),
(2502,26,2,31.29),
(2503,26,3,31.29),
(2504,26,4,31.29),
(2505,26,5,31.29),
(2506,26,6,31.29),
(2507,26,7,31.29),
(2508,26,8,31.29),
(2509,26,9,31.29),
(2510,26,10,31.29),
(2511,26,11,31.29),
(2512,26,12,31.29),
(2513,26,13,31.29),
(2514,26,14,31.29),
(2515,26,15,31.29),
(2516,26,16,31.29),
(2517,26,17,31.29),
(2518,26,18,31.29),
(2519,26,19,31.29),
(2520,26,20,31.29),
(2521,26,21,37.35),
(2522,26,22,37.35),
(2523,26,23,37.35),
(2524,26,24,37.35),
(2525,26,25,37.35),
(2526,26,26,37.35),
(2527,26,27,37.35),
(2528,26,28,37.35),
(2529,26,29,37.35),
(2530,26,30,37.35),
(2531,26,31,43.41),
(2532,26,32,43.41),
(2533,26,33,43.41),
(2534,26,34,43.41),
(2535,26,35,43.41),
(2536,26,36,43.41),
(2537,26,37,43.41),
(2538,26,38,43.41),
(2539,26,39,43.41),
(2540,26,40,43.41),
(2541,26,41,86.80),
(2542,26,42,86.80),
(2543,26,43,86.80),
(2544,26,44,86.80),
(2545,26,45,86.80),
(2546,26,46,107.00),
(2547,26,47,107.00),
(2548,26,48,107.00),
(2549,26,49,107.00),
(2550,26,50,107.00),
(2551,26,51,140.30),
(2552,26,52,140.30),
(2553,26,53,140.30),
(2554,26,54,140.30),
(2555,26,55,140.30),
(2556,26,56,238.20),
(2557,26,57,238.20),
(2558,26,58,238.20),
(2559,26,59,238.20),
(2560,26,60,238.20),
(2561,26,61,432.00),
(2562,26,62,432.00),
(2563,26,63,432.00),
(2564,26,64,432.00),
(2565,26,65,432.00),
(2566,26,66,525.87),
(2567,26,67,525.87),
(2568,26,68,525.87),
(2569,26,69,525.87),
(2570,26,70,525.87),
(2571,26,71,591.47),
(2572,26,72,591.47),
(2573,26,73,591.47),
(2574,26,74,603.59),
(2575,26,75,603.59),
(2576,26,76,603.59),
(2577,26,77,603.59),
(2578,26,78,603.59),
(2579,26,79,615.70),
(2580,26,80,615.70),
(2581,26,81,633.87),
(2582,26,82,633.87),
(2583,26,83,633.87),
(2584,26,84,647.00),
(2585,26,85,647.00),
(2586,26,86,659.10),
(2587,26,87,659.10),
(2588,26,88,659.10),
(2589,26,89,665.16),
(2590,26,90,665.16),
(2591,26,91,694.43),
(2592,26,92,694.43),
(2593,26,93,694.43),
(2594,26,94,793.35),
(2595,26,95,793.35),
(2596,26,96,867.02),
(2597,26,97,867.02),
(2598,26,98,867.02),
(2599,26,99,927.59),
(2600,26,100,927.59),
(2601,27,1,494.64),
(2602,27,2,494.64),
(2603,27,3,494.64),
(2604,27,4,494.64),
(2605,27,5,494.64),
(2606,27,6,494.64),
(2607,27,7,494.64),
(2608,27,8,494.64),
(2609,27,9,494.64),
(2610,27,10,494.64),
(2611,27,11,494.64),
(2612,27,12,494.64),
(2613,27,13,495.61),
(2614,27,14,496.69),
(2615,27,15,497.66),
(2616,27,16,498.64),
(2617,27,17,499.72),
(2618,27,18,500.69),
(2619,27,19,522.94),
(2620,27,20,526.93),
(2621,27,21,532.98),
(2622,27,22,533.95),
(2623,27,23,535.03),
(2624,27,24,536.00),
(2625,27,25,536.98),
(2626,27,26,538.06),
(2627,27,27,539.03),
(2628,27,28,540.00),
(2629,27,29,541.08),
(2630,27,30,542.05),
(2631,27,31,560.20),
(2632,27,32,562.25),
(2633,27,33,564.30),
(2634,27,34,566.24),
(2635,27,35,568.30),
(2636,27,36,570.35),
(2637,27,37,571.32),
(2638,27,38,573.37),
(2639,27,39,576.40),
(2640,27,40,579.42),
(2641,27,41,754.06),
(2642,27,42,905.47),
(2643,27,43,996.30),
(2644,27,44,1036.69),
(2645,27,45,1042.74),
(2646,27,46,1048.79),
(2647,27,47,1054.84),
(2648,27,48,1060.88),
(2649,27,49,1066.93),
(2650,27,50,1072.98),
(2651,27,51,1288.98),
(2652,27,52,1379.81),
(2653,27,53,1449.47),
(2654,27,54,1522.15),
(2655,27,55,1674.54),
(2656,27,56,1825.96),
(2657,27,57,1917.86),
(2658,27,58,2013.66),
(2659,27,59,2114.64),
(2660,27,60,2220.59),
(2661,27,61,2487.13),
(2662,27,62,2686.93),
(2663,27,63,2822.15),
(2664,27,64,2963.52),
(2665,27,65,3097.76),
(2666,27,66,3221.86),
(2667,27,67,3480.30),
(2668,27,68,3630.64),
(2669,27,69,3739.72),
(2670,27,70,3852.68),
(2671,27,71,3892.10),
(2672,27,72,4009.18),
(2673,27,73,4089.96),
(2674,27,74,4111.13),
(2675,27,75,4132.30),
(2676,27,76,4153.46),
(2677,27,77,4174.74),
(2678,27,78,4195.91),
(2679,27,79,4238.24),
(2680,27,80,4280.69),
(2681,27,81,4366.44),
(2682,27,82,4454.24),
(2683,27,83,4544.10),
(2684,27,84,4590.54),
(2685,27,85,4636.98),
(2686,27,86,4729.86),
(2687,27,87,4777.27),
(2688,27,88,4873.18),
(2689,27,89,4995.32),
(2690,27,90,5095.22),
(2691,27,91,5248.69),
(2692,27,92,5406.16),
(2693,27,93,5515.13),
(2694,27,94,5791.72),
(2695,27,95,6081.37),
(2696,27,96,6264.00),
(2697,27,97,6390.25),
(2698,27,98,6518.45),
(2699,27,99,6975.61),
(2700,27,100,6975.61),
(2701,28,1,216.00),
(2702,28,2,216.00),
(2703,28,3,216.00),
(2704,28,4,216.00),
(2705,28,5,216.00),
(2706,28,6,216.00),
(2707,28,7,216.00),
(2708,28,8,216.00),
(2709,28,9,216.00),
(2710,28,10,216.00),
(2711,28,11,216.00),
(2712,28,12,216.00),
(2713,28,13,216.00),
(2714,28,14,216.00),
(2715,28,15,216.00),
(2716,28,16,216.00),
(2717,28,17,216.00),
(2718,28,18,216.00),
(2719,28,19,216.00),
(2720,28,20,216.00),
(2721,28,21,250.32),
(2722,28,22,250.32),
(2723,28,23,250.32),
(2724,28,24,250.32),
(2725,28,25,250.32),
(2726,28,26,250.32),
(2727,28,27,250.32),
(2728,28,28,250.32),
(2729,28,29,250.32),
(2730,28,30,250.32),
(2731,28,31,266.47),
(2732,28,32,266.47),
(2733,28,33,266.47),
(2734,28,34,266.47),
(2735,28,35,266.47),
(2736,28,36,266.47),
(2737,28,37,266.47),
(2738,28,38,266.47),
(2739,28,39,266.47),
(2740,28,40,266.47),
(2741,28,41,353.27),
(2742,28,42,353.27),
(2743,28,43,353.27),
(2744,28,44,353.27),
(2745,28,45,353.27),
(2746,28,46,385.57),
(2747,28,47,385.57),
(2748,28,48,385.57),
(2749,28,49,385.57),
(2750,28,50,385.57),
(2751,28,51,438.06),
(2752,28,52,438.06),
(2753,28,53,438.06),
(2754,28,54,438.06),
(2755,28,55,438.06),
(2756,28,56,586.43),
(2757,28,57,586.43),
(2758,28,58,586.43),
(2759,28,59,586.43),
(2760,28,60,586.43),
(2761,28,61,933.65),
(2762,28,62,933.65),
(2763,28,63,933.65),
(2764,28,64,933.65),
(2765,28,65,933.65),
(2766,28,66,1388.86),
(2767,28,67,1388.86),
(2768,28,68,1388.86),
(2769,28,69,1388.86),
(2770,28,70,1388.86),
(2771,28,71,1599.81),
(2772,28,72,1599.81),
(2773,28,73,1599.81),
(2774,28,74,1741.12),
(2775,28,75,1741.12),
(2776,28,76,1767.37),
(2777,28,77,1767.37),
(2778,28,78,1767.37),
(2779,28,79,1784.53),
(2780,28,80,1784.53),
(2781,28,81,1801.68),
(2782,28,82,1801.68),
(2783,28,83,1801.68),
(2784,28,84,1836.00),
(2785,28,85,1836.00),
(2786,28,86,1863.25),
(2787,28,87,1863.25),
(2788,28,88,1863.25),
(2789,28,89,1889.49),
(2790,28,90,1889.49),
(2791,28,91,2057.04),
(2792,28,92,2057.04),
(2793,28,93,2057.04),
(2794,28,94,2387.10),
(2795,28,95,2387.10),
(2796,28,96,2714.13),
(2797,28,97,2714.13),
(2798,28,98,2714.13),
(2799,28,99,2911.96),
(2800,28,100,2911.96),
(2801,29,1,177.65),
(2802,29,2,177.65),
(2803,29,3,177.65),
(2804,29,4,177.65),
(2805,29,5,177.65),
(2806,29,6,177.65),
(2807,29,7,177.65),
(2808,29,8,177.65),
(2809,29,9,177.65),
(2810,29,10,177.65),
(2811,29,11,177.65),
(2812,29,12,177.65),
(2813,29,13,177.65),
(2814,29,14,177.65),
(2815,29,15,177.65),
(2816,29,16,177.65),
(2817,29,17,177.65),
(2818,29,18,177.65),
(2819,29,19,177.65),
(2820,29,20,177.65),
(2821,29,21,197.83),
(2822,29,22,197.83),
(2823,29,23,197.83),
(2824,29,24,197.83),
(2825,29,25,197.83),
(2826,29,26,197.83),
(2827,29,27,197.83),
(2828,29,28,197.83),
(2829,29,29,197.83),
(2830,29,30,197.83),
(2831,29,31,212.98),
(2832,29,32,212.98),
(2833,29,33,212.98),
(2834,29,34,212.98),
(2835,29,35,212.98),
(2836,29,36,212.98),
(2837,29,37,212.98),
(2838,29,38,212.98),
(2839,29,39,212.98),
(2840,29,40,212.98),
(2841,29,41,273.53),
(2842,29,42,273.53),
(2843,29,43,273.53),
(2844,29,44,273.53),
(2845,29,45,273.53),
(2846,29,46,315.92),
(2847,29,47,315.92),
(2848,29,48,315.92),
(2849,29,49,315.92),
(2850,29,50,315.92),
(2851,29,51,351.25),
(2852,29,52,351.25),
(2853,29,53,351.25),
(2854,29,54,351.25),
(2855,29,55,351.25),
(2856,29,56,454.20),
(2857,29,57,454.20),
(2858,29,58,454.20),
(2859,29,59,454.20),
(2860,29,60,454.20),
(2861,29,61,734.80),
(2862,29,62,734.80),
(2863,29,63,734.80),
(2864,29,64,734.80),
(2865,29,65,734.80),
(2866,29,66,1115.33),
(2867,29,67,1115.33),
(2868,29,68,1115.33),
(2869,29,69,1115.33),
(2870,29,70,1115.33),
(2871,29,71,1309.12),
(2872,29,72,1309.12),
(2873,29,73,1309.12),
(2874,29,74,1337.39),
(2875,29,75,1337.39),
(2876,29,76,1350.51),
(2877,29,77,1350.51),
(2878,29,78,1350.51),
(2879,29,79,1378.77),
(2880,29,80,1378.77),
(2881,29,81,1406.02),
(2882,29,82,1406.02),
(2883,29,83,1406.02),
(2884,29,84,1419.14),
(2885,29,85,1419.14),
(2886,29,86,1446.39),
(2887,29,87,1446.39),
(2888,29,88,1446.39),
(2889,29,89,1460.53),
(2890,29,90,1460.53),
(2891,29,91,1638.17),
(2892,29,92,1638.17),
(2893,29,93,1638.17),
(2894,29,94,1901.61),
(2895,29,95,1901.61),
(2896,29,96,2163.02),
(2897,29,97,2163.02),
(2898,29,98,2163.02),
(2899,29,99,2320.49),
(2900,29,100,2320.49);
/*!40000 ALTER TABLE `riderpremium` ENABLE KEYS */;
UNLOCK TABLES;

--
-- Table structure for table `user`
--

DROP TABLE IF EXISTS `user`;
/*!40101 SET @saved_cs_client     = @@character_set_client */;
/*!40101 SET character_set_client = utf8 */;
CREATE TABLE `user` (
  `id` int(11) NOT NULL AUTO_INCREMENT,
  `name` varchar(255) DEFAULT NULL,
  `email` varchar(255) DEFAULT NULL,
  `password_hash` varchar(255) DEFAULT NULL,
  `activated` tinyint(1) DEFAULT NULL,
  `token` varchar(255) DEFAULT NULL,
  `token_created` datetime DEFAULT NULL,
  PRIMARY KEY (`id`)
) ENGINE=InnoDB DEFAULT CHARSET=latin1 COLLATE=latin1_swedish_ci;
/*!40101 SET character_set_client = @saved_cs_client */;

--
-- Dumping data for table `user`
--

LOCK TABLES `user` WRITE;
/*!40000 ALTER TABLE `user` DISABLE KEYS */;
/*!40000 ALTER TABLE `user` ENABLE KEYS */;
UNLOCK TABLES;

--
-- Table structure for table `userplan`
--

DROP TABLE IF EXISTS `userplan`;
/*!40101 SET @saved_cs_client     = @@character_set_client */;
/*!40101 SET character_set_client = utf8 */;
CREATE TABLE `userplan` (
  `id` int(11) NOT NULL AUTO_INCREMENT,
  `user_id` int(11) DEFAULT NULL,
  `plan_id` int(11) DEFAULT NULL,
  `rider_id` int(11) DEFAULT NULL,
  `insured_name` varchar(255) DEFAULT NULL,
  `insured_dob` datetime DEFAULT NULL,
  PRIMARY KEY (`id`),
  KEY `user_id` (`user_id`),
  KEY `plan_id` (`plan_id`),
  KEY `rider_id` (`rider_id`),
  CONSTRAINT `userplan_ibfk_1` FOREIGN KEY (`user_id`) REFERENCES `user` (`id`),
  CONSTRAINT `userplan_ibfk_2` FOREIGN KEY (`plan_id`) REFERENCES `plan` (`id`),
  CONSTRAINT `userplan_ibfk_3` FOREIGN KEY (`rider_id`) REFERENCES `rider` (`id`)
) ENGINE=InnoDB DEFAULT CHARSET=latin1 COLLATE=latin1_swedish_ci;
/*!40101 SET character_set_client = @saved_cs_client */;

--
-- Dumping data for table `userplan`
--

LOCK TABLES `userplan` WRITE;
/*!40000 ALTER TABLE `userplan` DISABLE KEYS */;
/*!40000 ALTER TABLE `userplan` ENABLE KEYS */;
UNLOCK TABLES;
/*!40103 SET TIME_ZONE=@OLD_TIME_ZONE */;

/*!40101 SET SQL_MODE=@OLD_SQL_MODE */;
/*!40014 SET FOREIGN_KEY_CHECKS=@OLD_FOREIGN_KEY_CHECKS */;
/*!40014 SET UNIQUE_CHECKS=@OLD_UNIQUE_CHECKS */;
/*!40101 SET CHARACTER_SET_CLIENT=@OLD_CHARACTER_SET_CLIENT */;
/*!40101 SET CHARACTER_SET_RESULTS=@OLD_CHARACTER_SET_RESULTS */;
/*!40101 SET COLLATION_CONNECTION=@OLD_COLLATION_CONNECTION */;
/*!40111 SET SQL_NOTES=@OLD_SQL_NOTES */;

-- Dump completed on 2023-10-01 22:38:00
